-- MySQL dump 10.13  Distrib 8.0.25, for Linux (x86_64)
--
-- Host: localhost    Database: blaze
-- ------------------------------------------------------
-- Server version	8.0.25-0ubuntu0.20.10.1

/*!40101 SET @OLD_CHARACTER_SET_CLIENT=@@CHARACTER_SET_CLIENT */;
/*!40101 SET @OLD_CHARACTER_SET_RESULTS=@@CHARACTER_SET_RESULTS */;
/*!40101 SET @OLD_COLLATION_CONNECTION=@@COLLATION_CONNECTION */;
/*!50503 SET NAMES utf8mb4 */;
/*!40103 SET @OLD_TIME_ZONE=@@TIME_ZONE */;
/*!40103 SET TIME_ZONE='+00:00' */;
/*!40014 SET @OLD_UNIQUE_CHECKS=@@UNIQUE_CHECKS, UNIQUE_CHECKS=0 */;
/*!40014 SET @OLD_FOREIGN_KEY_CHECKS=@@FOREIGN_KEY_CHECKS, FOREIGN_KEY_CHECKS=0 */;
/*!40101 SET @OLD_SQL_MODE=@@SQL_MODE, SQL_MODE='NO_AUTO_VALUE_ON_ZERO' */;
/*!40111 SET @OLD_SQL_NOTES=@@SQL_NOTES, SQL_NOTES=0 */;

--
-- Table structure for table `books`
--

DROP TABLE IF EXISTS `books`;
/*!40101 SET @saved_cs_client     = @@character_set_client */;
/*!50503 SET character_set_client = utf8mb4 */;
CREATE TABLE `books` (
  `id` int NOT NULL AUTO_INCREMENT,
  `title` varchar(255) DEFAULT NULL,
  `author` varchar(255) DEFAULT NULL,
  `published` tinyint(1) DEFAULT NULL,
  `created_at` datetime NOT NULL,
  `updated_at` datetime NOT NULL,
  PRIMARY KEY (`id`)
) ENGINE=InnoDB DEFAULT CHARSET=latin1;
/*!40101 SET character_set_client = @saved_cs_client */;

--
-- Dumping data for table `books`
--

LOCK TABLES `books` WRITE;
/*!40000 ALTER TABLE `books` DISABLE KEYS */;
/*!40000 ALTER TABLE `books` ENABLE KEYS */;
UNLOCK TABLES;

--
-- Table structure for table `cart_items`
--

DROP TABLE IF EXISTS `cart_items`;
/*!40101 SET @saved_cs_client     = @@character_set_client */;
/*!50503 SET character_set_client = utf8mb4 */;
CREATE TABLE `cart_items` (
  `id` int NOT NULL AUTO_INCREMENT,
  `session_id` varchar(255) CHARACTER SET utf8 COLLATE utf8_unicode_ci DEFAULT NULL,
  `product_id` int DEFAULT NULL,
  `qty` int DEFAULT NULL,
  `product` text CHARACTER SET utf8 COLLATE utf8_unicode_ci,
  `created_at` datetime NOT NULL,
  `updated_at` datetime NOT NULL,
  PRIMARY KEY (`id`)
) ENGINE=InnoDB AUTO_INCREMENT=113 DEFAULT CHARSET=utf8mb3 COLLATE=utf8_unicode_ci;
/*!40101 SET character_set_client = @saved_cs_client */;

--
-- Dumping data for table `cart_items`
--

LOCK TABLES `cart_items` WRITE;
/*!40000 ALTER TABLE `cart_items` DISABLE KEYS */;
/*!40000 ALTER TABLE `cart_items` ENABLE KEYS */;
UNLOCK TABLES;

--
-- Table structure for table `checkouts`
--

DROP TABLE IF EXISTS `checkouts`;
/*!40101 SET @saved_cs_client     = @@character_set_client */;
/*!50503 SET character_set_client = utf8mb4 */;
CREATE TABLE `checkouts` (
  `id` int NOT NULL AUTO_INCREMENT,
  `email` varchar(255) DEFAULT NULL,
  `mobile` varchar(255) DEFAULT NULL,
  `subtotal` varchar(255) DEFAULT NULL,
  `total` varchar(255) DEFAULT NULL,
  `transaction_id` varchar(255) DEFAULT NULL,
  `transaction_response` text,
  `created_at` datetime NOT NULL,
  `updated_at` datetime NOT NULL,
  PRIMARY KEY (`id`)
) ENGINE=InnoDB AUTO_INCREMENT=74 DEFAULT CHARSET=latin1;
/*!40101 SET character_set_client = @saved_cs_client */;

--
-- Dumping data for table `checkouts`
--

LOCK TABLES `checkouts` WRITE;
/*!40000 ALTER TABLE `checkouts` DISABLE KEYS */;
INSERT INTO `checkouts` VALUES (21,'sunnypatel4772@gmail.com','1234567890','10','10','0','{\"messages\":{\"resultCode\":\"Ok\",\"message\":[{\"code\":\"I00001\",\"text\":\"Successful.\"}]},\"transactionResponse\":{\"responseCode\":\"1\",\"authCode\":\"000000\",\"avsResultCode\":\"P\",\"cvvResultCode\":\"\",\"cavvResultCode\":\"\",\"transId\":\"0\",\"refTransID\":\"\",\"transHash\":\"\",\"testRequest\":\"1\",\"accountNumber\":\"XXXX4242\",\"accountType\":\"Visa\",\"messages\":{\"message\":[{\"code\":\"1\",\"description\":\"This transaction has been approved.\"}]},\"userFields\":{\"userField\":[{\"name\":\"A\",\"value\":\"Aval\"},{\"name\":\"B\",\"value\":\"Bval\"}]},\"transHashSha2\":\"\"}}','2021-04-13 11:17:14','2021-04-13 11:17:14'),(22,'sunnypatel4772@gmail.com','123456825','15','15','0','{\"messages\":{\"resultCode\":\"Ok\",\"message\":[{\"code\":\"I00001\",\"text\":\"Successful.\"}]},\"transactionResponse\":{\"responseCode\":\"1\",\"authCode\":\"000000\",\"avsResultCode\":\"P\",\"cvvResultCode\":\"\",\"cavvResultCode\":\"\",\"transId\":\"0\",\"refTransID\":\"\",\"transHash\":\"\",\"testRequest\":\"1\",\"accountNumber\":\"XXXX4242\",\"accountType\":\"Visa\",\"messages\":{\"message\":[{\"code\":\"1\",\"description\":\"This transaction has been approved.\"}]},\"userFields\":{\"userField\":[{\"name\":\"A\",\"value\":\"Aval\"},{\"name\":\"B\",\"value\":\"Bval\"}]},\"transHashSha2\":\"\"}}','2021-04-13 11:21:26','2021-04-13 11:21:26'),(23,'sunnypatel4772@gmail.com','1234567890','60','60','0','{\"messages\":{\"resultCode\":\"Ok\",\"message\":[{\"code\":\"I00001\",\"text\":\"Successful.\"}]},\"transactionResponse\":{\"responseCode\":\"1\",\"authCode\":\"000000\",\"avsResultCode\":\"P\",\"cvvResultCode\":\"\",\"cavvResultCode\":\"\",\"transId\":\"0\",\"refTransID\":\"\",\"transHash\":\"\",\"testRequest\":\"1\",\"accountNumber\":\"XXXX4242\",\"accountType\":\"Visa\",\"messages\":{\"message\":[{\"code\":\"1\",\"description\":\"This transaction has been approved.\"}]},\"userFields\":{\"userField\":[{\"name\":\"A\",\"value\":\"Aval\"},{\"name\":\"B\",\"value\":\"Bval\"}]},\"transHashSha2\":\"\"}}','2021-04-13 12:05:57','2021-04-13 12:05:57'),(24,'nikultaka@gmail.com','9662991440','100','100','0','{\"messages\":{\"resultCode\":\"Ok\",\"message\":[{\"code\":\"I00001\",\"text\":\"Successful.\"}]},\"transactionResponse\":{\"responseCode\":\"1\",\"authCode\":\"000000\",\"avsResultCode\":\"P\",\"cvvResultCode\":\"\",\"cavvResultCode\":\"\",\"transId\":\"0\",\"refTransID\":\"\",\"transHash\":\"\",\"testRequest\":\"1\",\"accountNumber\":\"XXXX4242\",\"accountType\":\"Visa\",\"messages\":{\"message\":[{\"code\":\"1\",\"description\":\"This transaction has been approved.\"}]},\"userFields\":{\"userField\":[{\"name\":\"A\",\"value\":\"Aval\"},{\"name\":\"B\",\"value\":\"Bval\"}]},\"transHashSha2\":\"\"}}','2021-04-13 18:23:21','2021-04-13 18:23:21'),(25,'valarauka@free.fr','0605080401','100','100','0','{\"messages\":{\"resultCode\":\"Ok\",\"message\":[{\"code\":\"I00001\",\"text\":\"Successful.\"}]},\"transactionResponse\":{\"responseCode\":\"1\",\"authCode\":\"000000\",\"avsResultCode\":\"P\",\"cvvResultCode\":\"\",\"cavvResultCode\":\"\",\"transId\":\"0\",\"refTransID\":\"\",\"transHash\":\"\",\"testRequest\":\"1\",\"accountNumber\":\"XXXX4242\",\"accountType\":\"Visa\",\"messages\":{\"message\":[{\"code\":\"1\",\"description\":\"This transaction has been approved.\"}]},\"userFields\":{\"userField\":[{\"name\":\"A\",\"value\":\"Aval\"},{\"name\":\"B\",\"value\":\"Bval\"}]},\"transHashSha2\":\"\"}}','2021-04-14 19:13:37','2021-04-14 19:13:37'),(26,'dicklover96ass@gmail.cum','999293','420','420','0','{\"messages\":{\"resultCode\":\"Ok\",\"message\":[{\"code\":\"I00001\",\"text\":\"Successful.\"}]},\"transactionResponse\":{\"responseCode\":\"1\",\"authCode\":\"000000\",\"avsResultCode\":\"P\",\"cvvResultCode\":\"\",\"cavvResultCode\":\"\",\"transId\":\"0\",\"refTransID\":\"\",\"transHash\":\"\",\"testRequest\":\"1\",\"accountNumber\":\"XXXX4242\",\"accountType\":\"Visa\",\"messages\":{\"message\":[{\"code\":\"1\",\"description\":\"This transaction has been approved.\"}]},\"userFields\":{\"userField\":[{\"name\":\"A\",\"value\":\"Aval\"},{\"name\":\"B\",\"value\":\"Bval\"}]},\"transHashSha2\":\"\"}}','2021-04-18 19:32:06','2021-04-18 19:32:06'),(27,'i@mail.com','12345','75','75','0','{\"messages\":{\"resultCode\":\"Ok\",\"message\":[{\"code\":\"I00001\",\"text\":\"Successful.\"}]},\"transactionResponse\":{\"responseCode\":\"1\",\"authCode\":\"000000\",\"avsResultCode\":\"P\",\"cvvResultCode\":\"\",\"cavvResultCode\":\"\",\"transId\":\"0\",\"refTransID\":\"\",\"transHash\":\"\",\"testRequest\":\"1\",\"accountNumber\":\"XXXX4242\",\"accountType\":\"Visa\",\"messages\":{\"message\":[{\"code\":\"1\",\"description\":\"This transaction has been approved.\"}]},\"userFields\":{\"userField\":[{\"name\":\"A\",\"value\":\"Aval\"},{\"name\":\"B\",\"value\":\"Bval\"}]},\"transHashSha2\":\"\"}}','2021-04-23 04:53:19','2021-04-23 04:53:19'),(28,'aaa@gmail.com','555','2536','2536','0','{\"messages\":{\"resultCode\":\"Ok\",\"message\":[{\"code\":\"I00001\",\"text\":\"Successful.\"}]},\"transactionResponse\":{\"responseCode\":\"1\",\"authCode\":\"000000\",\"avsResultCode\":\"P\",\"cvvResultCode\":\"\",\"cavvResultCode\":\"\",\"transId\":\"0\",\"refTransID\":\"\",\"transHash\":\"\",\"testRequest\":\"1\",\"accountNumber\":\"XXXX4242\",\"accountType\":\"Visa\",\"messages\":{\"message\":[{\"code\":\"1\",\"description\":\"This transaction has been approved.\"}]},\"userFields\":{\"userField\":[{\"name\":\"A\",\"value\":\"Aval\"},{\"name\":\"B\",\"value\":\"Bval\"}]},\"transHashSha2\":\"\"}}','2021-04-23 09:30:46','2021-04-23 09:30:46'),(29,'yvet.catoy@gmail.com','11111','556','556','0','{\"messages\":{\"resultCode\":\"Ok\",\"message\":[{\"code\":\"I00001\",\"text\":\"Successful.\"}]},\"transactionResponse\":{\"responseCode\":\"1\",\"authCode\":\"000000\",\"avsResultCode\":\"P\",\"cvvResultCode\":\"\",\"cavvResultCode\":\"\",\"transId\":\"0\",\"refTransID\":\"\",\"transHash\":\"\",\"testRequest\":\"1\",\"accountNumber\":\"XXXX4242\",\"accountType\":\"Visa\",\"messages\":{\"message\":[{\"code\":\"1\",\"description\":\"This transaction has been approved.\"}]},\"userFields\":{\"userField\":[{\"name\":\"A\",\"value\":\"Aval\"},{\"name\":\"B\",\"value\":\"Bval\"}]},\"transHashSha2\":\"\"}}','2021-04-23 12:46:53','2021-04-23 12:46:53'),(30,'yvet.catoy@gmail.com','1111','2160','2160','0','{\"messages\":{\"resultCode\":\"Ok\",\"message\":[{\"code\":\"I00001\",\"text\":\"Successful.\"}]},\"transactionResponse\":{\"responseCode\":\"1\",\"authCode\":\"000000\",\"avsResultCode\":\"P\",\"cvvResultCode\":\"\",\"cavvResultCode\":\"\",\"transId\":\"0\",\"refTransID\":\"\",\"transHash\":\"\",\"testRequest\":\"1\",\"accountNumber\":\"XXXX4242\",\"accountType\":\"Visa\",\"messages\":{\"message\":[{\"code\":\"1\",\"description\":\"This transaction has been approved.\"}]},\"userFields\":{\"userField\":[{\"name\":\"A\",\"value\":\"Aval\"},{\"name\":\"B\",\"value\":\"Bval\"}]},\"transHashSha2\":\"\"}}','2021-04-23 12:51:57','2021-04-23 12:51:57'),(31,'guest@gmail.com','111111111','100','100','0','{\"messages\":{\"resultCode\":\"Ok\",\"message\":[{\"code\":\"I00001\",\"text\":\"Successful.\"}]},\"transactionResponse\":{\"responseCode\":\"1\",\"authCode\":\"000000\",\"avsResultCode\":\"P\",\"cvvResultCode\":\"\",\"cavvResultCode\":\"\",\"transId\":\"0\",\"refTransID\":\"\",\"transHash\":\"\",\"testRequest\":\"1\",\"accountNumber\":\"XXXX4242\",\"accountType\":\"Visa\",\"messages\":{\"message\":[{\"code\":\"1\",\"description\":\"This transaction has been approved.\"}]},\"userFields\":{\"userField\":[{\"name\":\"A\",\"value\":\"Aval\"},{\"name\":\"B\",\"value\":\"Bval\"}]},\"transHashSha2\":\"\"}}','2021-04-23 13:21:37','2021-04-23 13:21:37'),(32,'guesttest@mail.com','1','430','430','0','{\"messages\":{\"resultCode\":\"Ok\",\"message\":[{\"code\":\"I00001\",\"text\":\"Successful.\"}]},\"transactionResponse\":{\"responseCode\":\"1\",\"authCode\":\"000000\",\"avsResultCode\":\"P\",\"cvvResultCode\":\"\",\"cavvResultCode\":\"\",\"transId\":\"0\",\"refTransID\":\"\",\"transHash\":\"\",\"testRequest\":\"1\",\"accountNumber\":\"XXXX4242\",\"accountType\":\"Visa\",\"messages\":{\"message\":[{\"code\":\"1\",\"description\":\"This transaction has been approved.\"}]},\"userFields\":{\"userField\":[{\"name\":\"A\",\"value\":\"Aval\"},{\"name\":\"B\",\"value\":\"Bval\"}]},\"transHashSha2\":\"\"}}','2021-04-23 14:53:41','2021-04-23 14:53:41'),(33,'guesttest@mail.com','1','430','430','0','{\"messages\":{\"resultCode\":\"Ok\",\"message\":[{\"code\":\"I00001\",\"text\":\"Successful.\"}]},\"transactionResponse\":{\"responseCode\":\"1\",\"authCode\":\"000000\",\"avsResultCode\":\"P\",\"cvvResultCode\":\"\",\"cavvResultCode\":\"\",\"transId\":\"0\",\"refTransID\":\"\",\"transHash\":\"\",\"testRequest\":\"1\",\"accountNumber\":\"XXXX4242\",\"accountType\":\"Visa\",\"messages\":{\"message\":[{\"code\":\"1\",\"description\":\"This transaction has been approved.\"}]},\"userFields\":{\"userField\":[{\"name\":\"A\",\"value\":\"Aval\"},{\"name\":\"B\",\"value\":\"Bval\"}]},\"transHashSha2\":\"\"}}','2021-04-23 14:53:42','2021-04-23 14:53:42'),(34,'guesttest@mail.com','1','430','430','0','{\"messages\":{\"resultCode\":\"Ok\",\"message\":[{\"code\":\"I00001\",\"text\":\"Successful.\"}]},\"transactionResponse\":{\"responseCode\":\"1\",\"authCode\":\"000000\",\"avsResultCode\":\"P\",\"cvvResultCode\":\"\",\"cavvResultCode\":\"\",\"transId\":\"0\",\"refTransID\":\"\",\"transHash\":\"\",\"testRequest\":\"1\",\"accountNumber\":\"XXXX4242\",\"accountType\":\"Visa\",\"messages\":{\"message\":[{\"code\":\"1\",\"description\":\"This transaction has been approved.\"}]},\"userFields\":{\"userField\":[{\"name\":\"A\",\"value\":\"Aval\"},{\"name\":\"B\",\"value\":\"Bval\"}]},\"transHashSha2\":\"\"}}','2021-04-23 14:53:42','2021-04-23 14:53:42'),(35,'guesttest@mail.com','1','430','430','0','{\"messages\":{\"resultCode\":\"Ok\",\"message\":[{\"code\":\"I00001\",\"text\":\"Successful.\"}]},\"transactionResponse\":{\"responseCode\":\"1\",\"authCode\":\"000000\",\"avsResultCode\":\"P\",\"cvvResultCode\":\"\",\"cavvResultCode\":\"\",\"transId\":\"0\",\"refTransID\":\"\",\"transHash\":\"\",\"testRequest\":\"1\",\"accountNumber\":\"XXXX4242\",\"accountType\":\"Visa\",\"messages\":{\"message\":[{\"code\":\"1\",\"description\":\"This transaction has been approved.\"}]},\"userFields\":{\"userField\":[{\"name\":\"A\",\"value\":\"Aval\"},{\"name\":\"B\",\"value\":\"Bval\"}]},\"transHashSha2\":\"\"}}','2021-04-23 14:53:43','2021-04-23 14:53:43'),(36,'guesttest@mail.com','1','430','430','0','{\"messages\":{\"resultCode\":\"Ok\",\"message\":[{\"code\":\"I00001\",\"text\":\"Successful.\"}]},\"transactionResponse\":{\"responseCode\":\"1\",\"authCode\":\"000000\",\"avsResultCode\":\"P\",\"cvvResultCode\":\"\",\"cavvResultCode\":\"\",\"transId\":\"0\",\"refTransID\":\"\",\"transHash\":\"\",\"testRequest\":\"1\",\"accountNumber\":\"XXXX4242\",\"accountType\":\"Visa\",\"messages\":{\"message\":[{\"code\":\"1\",\"description\":\"This transaction has been approved.\"}]},\"userFields\":{\"userField\":[{\"name\":\"A\",\"value\":\"Aval\"},{\"name\":\"B\",\"value\":\"Bval\"}]},\"transHashSha2\":\"\"}}','2021-04-23 14:53:44','2021-04-23 14:53:44'),(37,'guesttest@mail.com','1','430','430','0','{\"messages\":{\"resultCode\":\"Ok\",\"message\":[{\"code\":\"I00001\",\"text\":\"Successful.\"}]},\"transactionResponse\":{\"responseCode\":\"1\",\"authCode\":\"000000\",\"avsResultCode\":\"P\",\"cvvResultCode\":\"\",\"cavvResultCode\":\"\",\"transId\":\"0\",\"refTransID\":\"\",\"transHash\":\"\",\"testRequest\":\"1\",\"accountNumber\":\"XXXX4242\",\"accountType\":\"Visa\",\"messages\":{\"message\":[{\"code\":\"1\",\"description\":\"This transaction has been approved.\"}]},\"userFields\":{\"userField\":[{\"name\":\"A\",\"value\":\"Aval\"},{\"name\":\"B\",\"value\":\"Bval\"}]},\"transHashSha2\":\"\"}}','2021-04-23 14:53:49','2021-04-23 14:53:49'),(38,'guesttest@mail.com','1','430','430','0','{\"messages\":{\"resultCode\":\"Ok\",\"message\":[{\"code\":\"I00001\",\"text\":\"Successful.\"}]},\"transactionResponse\":{\"responseCode\":\"1\",\"authCode\":\"000000\",\"avsResultCode\":\"P\",\"cvvResultCode\":\"\",\"cavvResultCode\":\"\",\"transId\":\"0\",\"refTransID\":\"\",\"transHash\":\"\",\"testRequest\":\"1\",\"accountNumber\":\"XXXX4242\",\"accountType\":\"Visa\",\"messages\":{\"message\":[{\"code\":\"1\",\"description\":\"This transaction has been approved.\"}]},\"userFields\":{\"userField\":[{\"name\":\"A\",\"value\":\"Aval\"},{\"name\":\"B\",\"value\":\"Bval\"}]},\"transHashSha2\":\"\"}}','2021-04-23 14:53:49','2021-04-23 14:53:49'),(39,'guesttest@mail.com','1','430','430','0','{\"messages\":{\"resultCode\":\"Ok\",\"message\":[{\"code\":\"I00001\",\"text\":\"Successful.\"}]},\"transactionResponse\":{\"responseCode\":\"1\",\"authCode\":\"000000\",\"avsResultCode\":\"P\",\"cvvResultCode\":\"\",\"cavvResultCode\":\"\",\"transId\":\"0\",\"refTransID\":\"\",\"transHash\":\"\",\"testRequest\":\"1\",\"accountNumber\":\"XXXX4242\",\"accountType\":\"Visa\",\"messages\":{\"message\":[{\"code\":\"1\",\"description\":\"This transaction has been approved.\"}]},\"userFields\":{\"userField\":[{\"name\":\"A\",\"value\":\"Aval\"},{\"name\":\"B\",\"value\":\"Bval\"}]},\"transHashSha2\":\"\"}}','2021-04-23 14:53:49','2021-04-23 14:53:49'),(40,'guesttest@mail.com','1','430','430','0','{\"messages\":{\"resultCode\":\"Ok\",\"message\":[{\"code\":\"I00001\",\"text\":\"Successful.\"}]},\"transactionResponse\":{\"responseCode\":\"1\",\"authCode\":\"000000\",\"avsResultCode\":\"P\",\"cvvResultCode\":\"\",\"cavvResultCode\":\"\",\"transId\":\"0\",\"refTransID\":\"\",\"transHash\":\"\",\"testRequest\":\"1\",\"accountNumber\":\"XXXX4242\",\"accountType\":\"Visa\",\"messages\":{\"message\":[{\"code\":\"1\",\"description\":\"This transaction has been approved.\"}]},\"userFields\":{\"userField\":[{\"name\":\"A\",\"value\":\"Aval\"},{\"name\":\"B\",\"value\":\"Bval\"}]},\"transHashSha2\":\"\"}}','2021-04-23 14:53:49','2021-04-23 14:53:49'),(41,'guesttest@mail.com','1','430','430','0','{\"messages\":{\"resultCode\":\"Ok\",\"message\":[{\"code\":\"I00001\",\"text\":\"Successful.\"}]},\"transactionResponse\":{\"responseCode\":\"1\",\"authCode\":\"000000\",\"avsResultCode\":\"P\",\"cvvResultCode\":\"\",\"cavvResultCode\":\"\",\"transId\":\"0\",\"refTransID\":\"\",\"transHash\":\"\",\"testRequest\":\"1\",\"accountNumber\":\"XXXX4242\",\"accountType\":\"Visa\",\"messages\":{\"message\":[{\"code\":\"1\",\"description\":\"This transaction has been approved.\"}]},\"userFields\":{\"userField\":[{\"name\":\"A\",\"value\":\"Aval\"},{\"name\":\"B\",\"value\":\"Bval\"}]},\"transHashSha2\":\"\"}}','2021-04-23 14:55:33','2021-04-23 14:55:33'),(42,'test@gmail.com','6979879879','708','708','0','{\"messages\":{\"resultCode\":\"Ok\",\"message\":[{\"code\":\"I00001\",\"text\":\"Successful.\"}]},\"transactionResponse\":{\"responseCode\":\"1\",\"authCode\":\"000000\",\"avsResultCode\":\"P\",\"cvvResultCode\":\"\",\"cavvResultCode\":\"\",\"transId\":\"0\",\"refTransID\":\"\",\"transHash\":\"\",\"testRequest\":\"1\",\"accountNumber\":\"XXXX4242\",\"accountType\":\"Visa\",\"messages\":{\"message\":[{\"code\":\"1\",\"description\":\"This transaction has been approved.\"}]},\"userFields\":{\"userField\":[{\"name\":\"A\",\"value\":\"Aval\"},{\"name\":\"B\",\"value\":\"Bval\"}]},\"transHashSha2\":\"\"}}','2021-04-25 11:32:13','2021-04-25 11:32:13'),(43,'test@test.com','1','1921','1921','0','{\"messages\":{\"resultCode\":\"Ok\",\"message\":[{\"code\":\"I00001\",\"text\":\"Successful.\"}]},\"transactionResponse\":{\"responseCode\":\"1\",\"authCode\":\"000000\",\"avsResultCode\":\"P\",\"cvvResultCode\":\"\",\"cavvResultCode\":\"\",\"transId\":\"0\",\"refTransID\":\"\",\"transHash\":\"\",\"testRequest\":\"1\",\"accountNumber\":\"XXXX4242\",\"accountType\":\"Visa\",\"messages\":{\"message\":[{\"code\":\"1\",\"description\":\"This transaction has been approved.\"}]},\"userFields\":{\"userField\":[{\"name\":\"A\",\"value\":\"Aval\"},{\"name\":\"B\",\"value\":\"Bval\"}]},\"transHashSha2\":\"\"}}','2021-04-26 11:35:33','2021-04-26 11:35:33'),(44,'deneme@gmail.com','565656','951','951','0','{\"messages\":{\"resultCode\":\"Ok\",\"message\":[{\"code\":\"I00001\",\"text\":\"Successful.\"}]},\"transactionResponse\":{\"responseCode\":\"1\",\"authCode\":\"000000\",\"avsResultCode\":\"P\",\"cvvResultCode\":\"\",\"cavvResultCode\":\"\",\"transId\":\"0\",\"refTransID\":\"\",\"transHash\":\"\",\"testRequest\":\"1\",\"accountNumber\":\"XXXX4242\",\"accountType\":\"Visa\",\"messages\":{\"message\":[{\"code\":\"1\",\"description\":\"This transaction has been approved.\"}]},\"userFields\":{\"userField\":[{\"name\":\"A\",\"value\":\"Aval\"},{\"name\":\"B\",\"value\":\"Bval\"}]},\"transHashSha2\":\"\"}}','2021-04-26 11:51:10','2021-04-26 11:51:10'),(45,'deneme@gmail.com','242','600','600','0','{\"messages\":{\"resultCode\":\"Ok\",\"message\":[{\"code\":\"I00001\",\"text\":\"Successful.\"}]},\"transactionResponse\":{\"responseCode\":\"1\",\"authCode\":\"000000\",\"avsResultCode\":\"P\",\"cvvResultCode\":\"\",\"cavvResultCode\":\"\",\"transId\":\"0\",\"refTransID\":\"\",\"transHash\":\"\",\"testRequest\":\"1\",\"accountNumber\":\"XXXX4242\",\"accountType\":\"Visa\",\"messages\":{\"message\":[{\"code\":\"1\",\"description\":\"This transaction has been approved.\"}]},\"userFields\":{\"userField\":[{\"name\":\"A\",\"value\":\"Aval\"},{\"name\":\"B\",\"value\":\"Bval\"}]},\"transHashSha2\":\"\"}}','2021-04-26 11:59:10','2021-04-26 11:59:10'),(46,'denem@d','4456','45','45','0','{\"messages\":{\"resultCode\":\"Ok\",\"message\":[{\"code\":\"I00001\",\"text\":\"Successful.\"}]},\"transactionResponse\":{\"responseCode\":\"1\",\"authCode\":\"000000\",\"avsResultCode\":\"P\",\"cvvResultCode\":\"\",\"cavvResultCode\":\"\",\"transId\":\"0\",\"refTransID\":\"\",\"transHash\":\"\",\"testRequest\":\"1\",\"accountNumber\":\"XXXX4242\",\"accountType\":\"Visa\",\"messages\":{\"message\":[{\"code\":\"1\",\"description\":\"This transaction has been approved.\"}]},\"userFields\":{\"userField\":[{\"name\":\"A\",\"value\":\"Aval\"},{\"name\":\"B\",\"value\":\"Bval\"}]},\"transHashSha2\":\"\"}}','2021-04-26 12:03:29','2021-04-26 12:03:29'),(47,'dsfsd@fmgfd','45645','100','100','0','{\"messages\":{\"resultCode\":\"Ok\",\"message\":[{\"code\":\"I00001\",\"text\":\"Successful.\"}]},\"transactionResponse\":{\"responseCode\":\"1\",\"authCode\":\"000000\",\"avsResultCode\":\"P\",\"cvvResultCode\":\"\",\"cavvResultCode\":\"\",\"transId\":\"0\",\"refTransID\":\"\",\"transHash\":\"\",\"testRequest\":\"1\",\"accountNumber\":\"XXXX4242\",\"accountType\":\"Visa\",\"messages\":{\"message\":[{\"code\":\"1\",\"description\":\"This transaction has been approved.\"}]},\"userFields\":{\"userField\":[{\"name\":\"A\",\"value\":\"Aval\"},{\"name\":\"B\",\"value\":\"Bval\"}]},\"transHashSha2\":\"\"}}','2021-04-26 12:04:33','2021-04-26 12:04:33'),(48,'nikultaka@gmail.com','8878778787','240','240','0','{\"messages\":{\"resultCode\":\"Ok\",\"message\":[{\"code\":\"I00001\",\"text\":\"Successful.\"}]},\"transactionResponse\":{\"responseCode\":\"1\",\"authCode\":\"000000\",\"avsResultCode\":\"P\",\"cvvResultCode\":\"\",\"cavvResultCode\":\"\",\"transId\":\"0\",\"refTransID\":\"\",\"transHash\":\"\",\"testRequest\":\"1\",\"accountNumber\":\"XXXX4242\",\"accountType\":\"Visa\",\"messages\":{\"message\":[{\"code\":\"1\",\"description\":\"This transaction has been approved.\"}]},\"userFields\":{\"userField\":[{\"name\":\"A\",\"value\":\"Aval\"},{\"name\":\"B\",\"value\":\"Bval\"}]},\"transHashSha2\":\"\"}}','2021-04-27 18:18:10','2021-04-27 18:18:10'),(49,'teet@gmail.com','1111111111','1390','1390','0','{\"messages\":{\"resultCode\":\"Ok\",\"message\":[{\"code\":\"I00001\",\"text\":\"Successful.\"}]},\"transactionResponse\":{\"responseCode\":\"1\",\"authCode\":\"000000\",\"avsResultCode\":\"P\",\"cvvResultCode\":\"\",\"cavvResultCode\":\"\",\"transId\":\"0\",\"refTransID\":\"\",\"transHash\":\"\",\"testRequest\":\"1\",\"accountNumber\":\"XXXX4242\",\"accountType\":\"Visa\",\"messages\":{\"message\":[{\"code\":\"1\",\"description\":\"This transaction has been approved.\"}]},\"userFields\":{\"userField\":[{\"name\":\"A\",\"value\":\"Aval\"},{\"name\":\"B\",\"value\":\"Bval\"}]},\"transHashSha2\":\"\"}}','2021-04-29 14:57:46','2021-04-29 14:57:46'),(50,'vytest@gmail.com','1111111111','1000','1000','0','{\"messages\":{\"resultCode\":\"Ok\",\"message\":[{\"code\":\"I00001\",\"text\":\"Successful.\"}]},\"transactionResponse\":{\"responseCode\":\"1\",\"authCode\":\"000000\",\"avsResultCode\":\"P\",\"cvvResultCode\":\"\",\"cavvResultCode\":\"\",\"transId\":\"0\",\"refTransID\":\"\",\"transHash\":\"\",\"testRequest\":\"1\",\"accountNumber\":\"XXXX4242\",\"accountType\":\"Visa\",\"messages\":{\"message\":[{\"code\":\"1\",\"description\":\"This transaction has been approved.\"}]},\"userFields\":{\"userField\":[{\"name\":\"A\",\"value\":\"Aval\"},{\"name\":\"B\",\"value\":\"Bval\"}]},\"transHashSha2\":\"\"}}','2021-04-29 15:03:14','2021-04-29 15:03:14'),(51,'nikultaka@gmail.com','9898989898','19','19','0','{\"messages\":{\"resultCode\":\"Ok\",\"message\":[{\"code\":\"I00001\",\"text\":\"Successful.\"}]},\"transactionResponse\":{\"responseCode\":\"1\",\"authCode\":\"000000\",\"avsResultCode\":\"P\",\"cvvResultCode\":\"\",\"cavvResultCode\":\"\",\"transId\":\"0\",\"refTransID\":\"\",\"transHash\":\"\",\"testRequest\":\"1\",\"accountNumber\":\"XXXX4242\",\"accountType\":\"Visa\",\"messages\":{\"message\":[{\"code\":\"1\",\"description\":\"This transaction has been approved.\"}]},\"userFields\":{\"userField\":[{\"name\":\"A\",\"value\":\"Aval\"},{\"name\":\"B\",\"value\":\"Bval\"}]},\"transHashSha2\":\"\"}}','2021-04-29 19:30:28','2021-04-29 19:30:28'),(52,'vytest@mail.com','1234567890','1000','1000','0','{\"messages\":{\"resultCode\":\"Ok\",\"message\":[{\"code\":\"I00001\",\"text\":\"Successful.\"}]},\"transactionResponse\":{\"responseCode\":\"1\",\"authCode\":\"000000\",\"avsResultCode\":\"P\",\"cvvResultCode\":\"\",\"cavvResultCode\":\"\",\"transId\":\"0\",\"refTransID\":\"\",\"transHash\":\"\",\"testRequest\":\"1\",\"accountNumber\":\"XXXX4242\",\"accountType\":\"Visa\",\"messages\":{\"message\":[{\"code\":\"1\",\"description\":\"This transaction has been approved.\"}]},\"userFields\":{\"userField\":[{\"name\":\"A\",\"value\":\"Aval\"},{\"name\":\"B\",\"value\":\"Bval\"}]},\"transHashSha2\":\"\"}}','2021-04-30 07:07:36','2021-04-30 07:07:36'),(53,'yvet.catoy@gmail.com','111111111111','1016','1016','0','{\"messages\":{\"resultCode\":\"Ok\",\"message\":[{\"code\":\"I00001\",\"text\":\"Successful.\"}]},\"transactionResponse\":{\"responseCode\":\"1\",\"authCode\":\"000000\",\"avsResultCode\":\"P\",\"cvvResultCode\":\"\",\"cavvResultCode\":\"\",\"transId\":\"0\",\"refTransID\":\"\",\"transHash\":\"\",\"testRequest\":\"1\",\"accountNumber\":\"XXXX4242\",\"accountType\":\"Visa\",\"messages\":{\"message\":[{\"code\":\"1\",\"description\":\"This transaction has been approved.\"}]},\"userFields\":{\"userField\":[{\"name\":\"A\",\"value\":\"Aval\"},{\"name\":\"B\",\"value\":\"Bval\"}]},\"transHashSha2\":\"\"}}','2021-04-30 07:23:38','2021-04-30 07:23:38'),(54,'test@mail.com','12345689123','1','1','0','{\"messages\":{\"resultCode\":\"Ok\",\"message\":[{\"code\":\"I00001\",\"text\":\"Successful.\"}]},\"transactionResponse\":{\"responseCode\":\"1\",\"authCode\":\"000000\",\"avsResultCode\":\"P\",\"cvvResultCode\":\"\",\"cavvResultCode\":\"\",\"transId\":\"0\",\"refTransID\":\"\",\"transHash\":\"\",\"testRequest\":\"1\",\"accountNumber\":\"XXXX4242\",\"accountType\":\"Visa\",\"messages\":{\"message\":[{\"code\":\"1\",\"description\":\"This transaction has been approved.\"}]},\"userFields\":{\"userField\":[{\"name\":\"A\",\"value\":\"Aval\"},{\"name\":\"B\",\"value\":\"Bval\"}]},\"transHashSha2\":\"\"}}','2021-05-03 09:06:00','2021-05-03 09:06:00'),(55,'test@mail.com','1111111111','1','1','0','{\"messages\":{\"resultCode\":\"Ok\",\"message\":[{\"code\":\"I00001\",\"text\":\"Successful.\"}]},\"transactionResponse\":{\"responseCode\":\"1\",\"authCode\":\"000000\",\"avsResultCode\":\"P\",\"cvvResultCode\":\"\",\"cavvResultCode\":\"\",\"transId\":\"0\",\"refTransID\":\"\",\"transHash\":\"\",\"testRequest\":\"1\",\"accountNumber\":\"XXXX4242\",\"accountType\":\"Visa\",\"messages\":{\"message\":[{\"code\":\"1\",\"description\":\"This transaction has been approved.\"}]},\"userFields\":{\"userField\":[{\"name\":\"A\",\"value\":\"Aval\"},{\"name\":\"B\",\"value\":\"Bval\"}]},\"transHashSha2\":\"\"}}','2021-05-03 09:17:18','2021-05-03 09:17:18'),(56,'test@mail.com','1111111111111111111','3500','3500','0','{\"messages\":{\"resultCode\":\"Ok\",\"message\":[{\"code\":\"I00001\",\"text\":\"Successful.\"}]},\"transactionResponse\":{\"responseCode\":\"1\",\"authCode\":\"000000\",\"avsResultCode\":\"P\",\"cvvResultCode\":\"\",\"cavvResultCode\":\"\",\"transId\":\"0\",\"refTransID\":\"\",\"transHash\":\"\",\"testRequest\":\"1\",\"accountNumber\":\"XXXX4242\",\"accountType\":\"Visa\",\"messages\":{\"message\":[{\"code\":\"1\",\"description\":\"This transaction has been approved.\"}]},\"userFields\":{\"userField\":[{\"name\":\"A\",\"value\":\"Aval\"},{\"name\":\"B\",\"value\":\"Bval\"}]},\"transHashSha2\":\"\"}}','2021-05-03 09:25:06','2021-05-03 09:25:06'),(57,'sunnypatel477@gmail.com','1234567890','926','926','0','{\"messages\":{\"resultCode\":\"Ok\",\"message\":[{\"code\":\"I00001\",\"text\":\"Successful.\"}]},\"transactionResponse\":{\"responseCode\":\"1\",\"authCode\":\"000000\",\"avsResultCode\":\"P\",\"cvvResultCode\":\"\",\"cavvResultCode\":\"\",\"transId\":\"0\",\"refTransID\":\"\",\"transHash\":\"\",\"testRequest\":\"1\",\"accountNumber\":\"XXXX4242\",\"accountType\":\"Visa\",\"messages\":{\"message\":[{\"code\":\"1\",\"description\":\"This transaction has been approved.\"}]},\"userFields\":{\"userField\":[{\"name\":\"A\",\"value\":\"Aval\"},{\"name\":\"B\",\"value\":\"Bval\"}]},\"transHashSha2\":\"\"}}','2021-05-03 10:23:48','2021-05-03 10:23:48'),(58,'test@mail.com','111111111111111','1021','1021','0','{\"messages\":{\"resultCode\":\"Ok\",\"message\":[{\"code\":\"I00001\",\"text\":\"Successful.\"}]},\"transactionResponse\":{\"responseCode\":\"1\",\"authCode\":\"000000\",\"avsResultCode\":\"P\",\"cvvResultCode\":\"\",\"cavvResultCode\":\"\",\"transId\":\"0\",\"refTransID\":\"\",\"transHash\":\"\",\"testRequest\":\"1\",\"accountNumber\":\"XXXX4242\",\"accountType\":\"Visa\",\"messages\":{\"message\":[{\"code\":\"1\",\"description\":\"This transaction has been approved.\"}]},\"userFields\":{\"userField\":[{\"name\":\"A\",\"value\":\"Aval\"},{\"name\":\"B\",\"value\":\"Bval\"}]},\"transHashSha2\":\"\"}}','2021-05-03 14:55:29','2021-05-03 14:55:29'),(59,'test@mail.com','111111111111111','1021','1021','0','{\"messages\":{\"resultCode\":\"Ok\",\"message\":[{\"code\":\"I00001\",\"text\":\"Successful.\"}]},\"transactionResponse\":{\"responseCode\":\"1\",\"authCode\":\"000000\",\"avsResultCode\":\"P\",\"cvvResultCode\":\"\",\"cavvResultCode\":\"\",\"transId\":\"0\",\"refTransID\":\"\",\"transHash\":\"\",\"testRequest\":\"1\",\"accountNumber\":\"XXXX4242\",\"accountType\":\"Visa\",\"messages\":{\"message\":[{\"code\":\"1\",\"description\":\"This transaction has been approved.\"}]},\"userFields\":{\"userField\":[{\"name\":\"A\",\"value\":\"Aval\"},{\"name\":\"B\",\"value\":\"Bval\"}]},\"transHashSha2\":\"\"}}','2021-05-03 14:56:13','2021-05-03 14:56:13'),(60,'CartTest@mail.com','12345678901','1189','1189','0','{\"messages\":{\"resultCode\":\"Ok\",\"message\":[{\"code\":\"I00001\",\"text\":\"Successful.\"}]},\"transactionResponse\":{\"responseCode\":\"1\",\"authCode\":\"000000\",\"avsResultCode\":\"P\",\"cvvResultCode\":\"\",\"cavvResultCode\":\"\",\"transId\":\"0\",\"refTransID\":\"\",\"transHash\":\"\",\"testRequest\":\"1\",\"accountNumber\":\"XXXX4242\",\"accountType\":\"Visa\",\"messages\":{\"message\":[{\"code\":\"1\",\"description\":\"This transaction has been approved.\"}]},\"userFields\":{\"userField\":[{\"name\":\"A\",\"value\":\"Aval\"},{\"name\":\"B\",\"value\":\"Bval\"}]},\"transHashSha2\":\"\"}}','2021-05-03 15:02:55','2021-05-03 15:02:55'),(61,'CartTest@mail.com','12345678901','1189','1189','0','{\"messages\":{\"resultCode\":\"Ok\",\"message\":[{\"code\":\"I00001\",\"text\":\"Successful.\"}]},\"transactionResponse\":{\"responseCode\":\"1\",\"authCode\":\"000000\",\"avsResultCode\":\"P\",\"cvvResultCode\":\"\",\"cavvResultCode\":\"\",\"transId\":\"0\",\"refTransID\":\"\",\"transHash\":\"\",\"testRequest\":\"1\",\"accountNumber\":\"XXXX4242\",\"accountType\":\"Visa\",\"messages\":{\"message\":[{\"code\":\"1\",\"description\":\"This transaction has been approved.\"}]},\"userFields\":{\"userField\":[{\"name\":\"A\",\"value\":\"Aval\"},{\"name\":\"B\",\"value\":\"Bval\"}]},\"transHashSha2\":\"\"}}','2021-05-03 15:04:41','2021-05-03 15:04:41'),(62,'t@mail.com','11111111111111111111','4','4','0','{\"messages\":{\"resultCode\":\"Ok\",\"message\":[{\"code\":\"I00001\",\"text\":\"Successful.\"}]},\"transactionResponse\":{\"responseCode\":\"1\",\"authCode\":\"000000\",\"avsResultCode\":\"P\",\"cvvResultCode\":\"\",\"cavvResultCode\":\"\",\"transId\":\"0\",\"refTransID\":\"\",\"transHash\":\"\",\"testRequest\":\"1\",\"accountNumber\":\"XXXX4242\",\"accountType\":\"Visa\",\"messages\":{\"message\":[{\"code\":\"1\",\"description\":\"This transaction has been approved.\"}]},\"userFields\":{\"userField\":[{\"name\":\"A\",\"value\":\"Aval\"},{\"name\":\"B\",\"value\":\"Bval\"}]},\"transHashSha2\":\"\"}}','2021-05-03 15:08:10','2021-05-03 15:08:10'),(63,'test@123.com','8979879877','100','100','0','{\"messages\":{\"resultCode\":\"Ok\",\"message\":[{\"code\":\"I00001\",\"text\":\"Successful.\"}]},\"transactionResponse\":{\"responseCode\":\"1\",\"authCode\":\"000000\",\"avsResultCode\":\"P\",\"cvvResultCode\":\"\",\"cavvResultCode\":\"\",\"transId\":\"0\",\"refTransID\":\"\",\"transHash\":\"\",\"testRequest\":\"1\",\"accountNumber\":\"XXXX4242\",\"accountType\":\"Visa\",\"messages\":{\"message\":[{\"code\":\"1\",\"description\":\"This transaction has been approved.\"}]},\"userFields\":{\"userField\":[{\"name\":\"A\",\"value\":\"Aval\"},{\"name\":\"B\",\"value\":\"Bval\"}]},\"transHashSha2\":\"\"}}','2021-05-07 13:54:18','2021-05-07 13:54:18'),(64,'yvet.catoy@gmail.com','7777788888','6267','6267','0','{\"messages\":{\"resultCode\":\"Ok\",\"message\":[{\"code\":\"I00001\",\"text\":\"Successful.\"}]},\"transactionResponse\":{\"responseCode\":\"1\",\"authCode\":\"000000\",\"avsResultCode\":\"P\",\"cvvResultCode\":\"\",\"cavvResultCode\":\"\",\"transId\":\"0\",\"refTransID\":\"\",\"transHash\":\"\",\"testRequest\":\"1\",\"accountNumber\":\"XXXX4242\",\"accountType\":\"Visa\",\"messages\":{\"message\":[{\"code\":\"1\",\"description\":\"This transaction has been approved.\"}]},\"userFields\":{\"userField\":[{\"name\":\"A\",\"value\":\"Aval\"},{\"name\":\"B\",\"value\":\"Bval\"}]},\"transHashSha2\":\"\"}}','2021-05-09 07:33:23','2021-05-09 07:33:23'),(65,'test@gmail.com','8888888888','21360','21360','0','{\"messages\":{\"resultCode\":\"Ok\",\"message\":[{\"code\":\"I00001\",\"text\":\"Successful.\"}]},\"transactionResponse\":{\"responseCode\":\"1\",\"authCode\":\"000000\",\"avsResultCode\":\"P\",\"cvvResultCode\":\"\",\"cavvResultCode\":\"\",\"transId\":\"0\",\"refTransID\":\"\",\"transHash\":\"\",\"testRequest\":\"1\",\"accountNumber\":\"XXXX4242\",\"accountType\":\"Visa\",\"messages\":{\"message\":[{\"code\":\"1\",\"description\":\"This transaction has been approved.\"}]},\"userFields\":{\"userField\":[{\"name\":\"A\",\"value\":\"Aval\"},{\"name\":\"B\",\"value\":\"Bval\"}]},\"transHashSha2\":\"\"}}','2021-05-10 07:32:54','2021-05-10 07:32:54'),(66,'t@mail.com','7987987989','14240','14240','0','{\"messages\":{\"resultCode\":\"Ok\",\"message\":[{\"code\":\"I00001\",\"text\":\"Successful.\"}]},\"transactionResponse\":{\"responseCode\":\"1\",\"authCode\":\"000000\",\"avsResultCode\":\"P\",\"cvvResultCode\":\"\",\"cavvResultCode\":\"\",\"transId\":\"0\",\"refTransID\":\"\",\"transHash\":\"\",\"testRequest\":\"1\",\"accountNumber\":\"XXXX4242\",\"accountType\":\"Visa\",\"messages\":{\"message\":[{\"code\":\"1\",\"description\":\"This transaction has been approved.\"}]},\"userFields\":{\"userField\":[{\"name\":\"A\",\"value\":\"Aval\"},{\"name\":\"B\",\"value\":\"Bval\"}]},\"transHashSha2\":\"\"}}','2021-05-10 07:43:17','2021-05-10 07:43:17'),(67,'nikultaka@gmail.com','9662991440','100','100','0','{\"messages\":{\"resultCode\":\"Ok\",\"message\":[{\"code\":\"I00001\",\"text\":\"Successful.\"}]},\"transactionResponse\":{\"responseCode\":\"1\",\"authCode\":\"000000\",\"avsResultCode\":\"P\",\"cvvResultCode\":\"\",\"cavvResultCode\":\"\",\"transId\":\"0\",\"refTransID\":\"\",\"transHash\":\"\",\"testRequest\":\"1\",\"accountNumber\":\"XXXX4242\",\"accountType\":\"Visa\",\"messages\":{\"message\":[{\"code\":\"1\",\"description\":\"This transaction has been approved.\"}]},\"userFields\":{\"userField\":[{\"name\":\"A\",\"value\":\"Aval\"},{\"name\":\"B\",\"value\":\"Bval\"}]},\"transHashSha2\":\"\"}}','2021-05-13 11:24:01','2021-05-13 11:24:01'),(68,'test@123.com','9662991440','55','55','0','{\"messages\":{\"resultCode\":\"Ok\",\"message\":[{\"code\":\"I00001\",\"text\":\"Successful.\"}]},\"transactionResponse\":{\"responseCode\":\"1\",\"authCode\":\"000000\",\"avsResultCode\":\"P\",\"cvvResultCode\":\"\",\"cavvResultCode\":\"\",\"transId\":\"0\",\"refTransID\":\"\",\"transHash\":\"\",\"testRequest\":\"1\",\"accountNumber\":\"XXXX4242\",\"accountType\":\"Visa\",\"messages\":{\"message\":[{\"code\":\"1\",\"description\":\"This transaction has been approved.\"}]},\"userFields\":{\"userField\":[{\"name\":\"A\",\"value\":\"Aval\"},{\"name\":\"B\",\"value\":\"Bval\"}]},\"transHashSha2\":\"\"}}','2021-05-14 05:05:41','2021-05-14 05:05:41'),(69,'prodadamin@mail.com','9999999999','50','50','0','{\"messages\":{\"resultCode\":\"Ok\",\"message\":[{\"code\":\"I00001\",\"text\":\"Successful.\"}]},\"transactionResponse\":{\"responseCode\":\"1\",\"authCode\":\"000000\",\"avsResultCode\":\"P\",\"cvvResultCode\":\"\",\"cavvResultCode\":\"\",\"transId\":\"0\",\"refTransID\":\"\",\"transHash\":\"\",\"testRequest\":\"1\",\"accountNumber\":\"XXXX4242\",\"accountType\":\"Visa\",\"messages\":{\"message\":[{\"code\":\"1\",\"description\":\"This transaction has been approved.\"}]},\"userFields\":{\"userField\":[{\"name\":\"A\",\"value\":\"Aval\"},{\"name\":\"B\",\"value\":\"Bval\"}]},\"transHashSha2\":\"\"}}','2021-05-15 16:49:28','2021-05-15 16:49:28'),(70,'vytest@mail.com','7686779833','10','10','0','{\"messages\":{\"resultCode\":\"Ok\",\"message\":[{\"code\":\"I00001\",\"text\":\"Successful.\"}]},\"transactionResponse\":{\"responseCode\":\"1\",\"authCode\":\"000000\",\"avsResultCode\":\"P\",\"cvvResultCode\":\"\",\"cavvResultCode\":\"\",\"transId\":\"0\",\"refTransID\":\"\",\"transHash\":\"\",\"testRequest\":\"1\",\"accountNumber\":\"XXXX4242\",\"accountType\":\"Visa\",\"messages\":{\"message\":[{\"code\":\"1\",\"description\":\"This transaction has been approved.\"}]},\"userFields\":{\"userField\":[{\"name\":\"A\",\"value\":\"Aval\"},{\"name\":\"B\",\"value\":\"Bval\"}]},\"transHashSha2\":\"\"}}','2021-05-16 12:04:10','2021-05-16 12:04:10'),(71,'vytest@mail.com','4556786578','80','80','0','{\"messages\":{\"resultCode\":\"Ok\",\"message\":[{\"code\":\"I00001\",\"text\":\"Successful.\"}]},\"transactionResponse\":{\"responseCode\":\"1\",\"authCode\":\"000000\",\"avsResultCode\":\"P\",\"cvvResultCode\":\"\",\"cavvResultCode\":\"\",\"transId\":\"0\",\"refTransID\":\"\",\"transHash\":\"\",\"testRequest\":\"1\",\"accountNumber\":\"XXXX4242\",\"accountType\":\"Visa\",\"messages\":{\"message\":[{\"code\":\"1\",\"description\":\"This transaction has been approved.\"}]},\"userFields\":{\"userField\":[{\"name\":\"A\",\"value\":\"Aval\"},{\"name\":\"B\",\"value\":\"Bval\"}]},\"transHashSha2\":\"\"}}','2021-05-17 17:25:08','2021-05-17 17:25:08'),(72,'mil@gmail.com','9098098098098098','12','12','0','{\"messages\":{\"resultCode\":\"Ok\",\"message\":[{\"code\":\"I00001\",\"text\":\"Successful.\"}]},\"transactionResponse\":{\"responseCode\":\"1\",\"authCode\":\"000000\",\"avsResultCode\":\"P\",\"cvvResultCode\":\"\",\"cavvResultCode\":\"\",\"transId\":\"0\",\"refTransID\":\"\",\"transHash\":\"\",\"testRequest\":\"1\",\"accountNumber\":\"XXXX4242\",\"accountType\":\"Visa\",\"messages\":{\"message\":[{\"code\":\"1\",\"description\":\"This transaction has been approved.\"}]},\"userFields\":{\"userField\":[{\"name\":\"A\",\"value\":\"Aval\"},{\"name\":\"B\",\"value\":\"Bval\"}]},\"transHashSha2\":\"\"}}','2021-05-19 08:23:41','2021-05-19 08:23:41'),(73,'mail@mail.com','1111111111','500','500','0','{\"messages\":{\"resultCode\":\"Ok\",\"message\":[{\"code\":\"I00001\",\"text\":\"Successful.\"}]},\"transactionResponse\":{\"responseCode\":\"1\",\"authCode\":\"000000\",\"avsResultCode\":\"P\",\"cvvResultCode\":\"\",\"cavvResultCode\":\"\",\"transId\":\"0\",\"refTransID\":\"\",\"transHash\":\"\",\"testRequest\":\"1\",\"accountNumber\":\"XXXX4242\",\"accountType\":\"Visa\",\"messages\":{\"message\":[{\"code\":\"1\",\"description\":\"This transaction has been approved.\"}]},\"userFields\":{\"userField\":[{\"name\":\"A\",\"value\":\"Aval\"},{\"name\":\"B\",\"value\":\"Bval\"}]},\"transHashSha2\":\"\"}}','2021-05-19 14:54:55','2021-05-19 14:54:55');
/*!40000 ALTER TABLE `checkouts` ENABLE KEYS */;
UNLOCK TABLES;

--
-- Table structure for table `countries`
--

DROP TABLE IF EXISTS `countries`;
/*!40101 SET @saved_cs_client     = @@character_set_client */;
/*!50503 SET character_set_client = utf8mb4 */;
CREATE TABLE `countries` (
  `id` int NOT NULL,
  `name` varchar(255) DEFAULT NULL,
  `created_at` datetime NOT NULL,
  `updated_at` datetime NOT NULL,
  PRIMARY KEY (`id`)
) ENGINE=InnoDB DEFAULT CHARSET=utf8mb4 COLLATE=utf8mb4_0900_ai_ci;
/*!40101 SET character_set_client = @saved_cs_client */;

--
-- Dumping data for table `countries`
--

LOCK TABLES `countries` WRITE;
/*!40000 ALTER TABLE `countries` DISABLE KEYS */;
INSERT INTO `countries` VALUES (1,'USA','2021-05-18 10:29:32','2021-05-18 10:29:32');
/*!40000 ALTER TABLE `countries` ENABLE KEYS */;
UNLOCK TABLES;

--
-- Table structure for table `items`
--

DROP TABLE IF EXISTS `items`;
/*!40101 SET @saved_cs_client     = @@character_set_client */;
/*!50503 SET character_set_client = utf8mb4 */;
CREATE TABLE `items` (
  `id` int NOT NULL AUTO_INCREMENT,
  `checkout_id` int DEFAULT NULL,
  `product_id` int DEFAULT NULL,
  `qty` int DEFAULT NULL,
  `is_confirm` tinyint(1) NOT NULL DEFAULT '0',
  `created_at` datetime NOT NULL,
  `updated_at` datetime NOT NULL,
  PRIMARY KEY (`id`)
) ENGINE=InnoDB AUTO_INCREMENT=171 DEFAULT CHARSET=latin1;
/*!40101 SET character_set_client = @saved_cs_client */;

--
-- Dumping data for table `items`
--

LOCK TABLES `items` WRITE;
/*!40000 ALTER TABLE `items` DISABLE KEYS */;
INSERT INTO `items` VALUES (23,21,32,1,1,'2021-04-13 11:17:15','2021-04-13 11:23:24'),(24,22,33,1,0,'2021-04-13 11:21:27','2021-04-13 11:21:27'),(25,23,32,3,0,'2021-04-13 12:05:58','2021-04-13 12:05:58'),(26,23,33,2,0,'2021-04-13 12:05:58','2021-04-13 12:05:58'),(27,24,34,1,1,'2021-04-13 18:23:22','2021-04-29 19:37:10'),(28,25,34,1,1,'2021-04-14 19:13:37','2021-04-29 19:37:17'),(29,26,35,1,1,'2021-04-18 19:32:07','2021-05-01 06:42:48'),(30,27,33,5,0,'2021-04-23 04:53:20','2021-04-23 04:53:20'),(31,28,35,6,1,'2021-04-23 09:30:46','2021-05-01 08:46:58'),(32,28,37,4,1,'2021-04-23 09:30:46','2021-05-01 08:47:20'),(33,29,39,4,1,'2021-04-23 12:46:54','2021-04-23 12:47:24'),(34,29,47,5,1,'2021-04-23 12:46:54','2021-04-23 12:47:33'),(35,30,40,18,1,'2021-04-23 12:51:58','2021-04-23 12:58:14'),(36,31,34,1,1,'2021-04-23 13:21:38','2021-04-29 19:37:22'),(37,32,58,1,1,'2021-04-23 14:53:48','2021-05-01 09:48:46'),(38,32,39,11,1,'2021-04-23 14:53:48','2021-05-03 08:26:15'),(39,33,39,11,0,'2021-04-23 14:53:48','2021-04-23 14:53:48'),(40,33,58,1,1,'2021-04-23 14:53:48','2021-05-09 16:57:20'),(41,34,58,1,0,'2021-04-23 14:53:48','2021-04-23 14:53:48'),(42,34,39,11,0,'2021-04-23 14:53:48','2021-04-23 14:53:48'),(43,35,58,1,0,'2021-04-23 14:53:48','2021-04-23 14:53:48'),(44,35,39,11,0,'2021-04-23 14:53:48','2021-04-23 14:53:48'),(45,36,58,1,0,'2021-04-23 14:53:49','2021-04-23 14:53:49'),(46,36,39,11,0,'2021-04-23 14:53:49','2021-04-23 14:53:49'),(47,37,58,1,0,'2021-04-23 14:53:49','2021-04-23 14:53:49'),(48,37,39,11,1,'2021-04-23 14:53:49','2021-05-01 12:07:51'),(49,38,58,1,0,'2021-04-23 14:53:49','2021-04-23 14:53:49'),(50,38,39,11,0,'2021-04-23 14:53:49','2021-04-23 14:53:49'),(51,39,58,1,0,'2021-04-23 14:53:49','2021-04-23 14:53:49'),(52,39,39,11,0,'2021-04-23 14:53:49','2021-04-23 14:53:49'),(53,40,58,1,0,'2021-04-23 14:53:49','2021-04-23 14:53:49'),(54,40,39,11,0,'2021-04-23 14:53:49','2021-04-23 14:53:49'),(55,41,39,11,0,'2021-04-23 14:55:33','2021-04-23 14:55:33'),(56,41,58,1,0,'2021-04-23 14:55:33','2021-04-23 14:55:33'),(57,42,34,4,0,'2021-04-25 11:32:13','2021-04-25 11:32:13'),(58,42,39,1,0,'2021-04-25 11:32:13','2021-04-25 11:32:13'),(59,42,62,1,0,'2021-04-25 11:32:13','2021-04-25 11:32:13'),(60,43,34,1,0,'2021-04-26 11:35:34','2021-04-26 11:35:34'),(61,43,34,1,0,'2021-04-26 11:35:34','2021-04-26 11:35:34'),(62,43,34,1,0,'2021-04-26 11:35:34','2021-04-26 11:35:34'),(63,43,59,1,0,'2021-04-26 11:35:34','2021-04-26 11:35:34'),(64,43,62,4,0,'2021-04-26 11:35:34','2021-04-26 11:35:34'),(65,43,35,1,0,'2021-04-26 11:35:34','2021-04-26 11:35:34'),(66,44,47,5,1,'2021-04-26 11:51:11','2021-05-03 08:26:21'),(67,44,54,1,0,'2021-04-26 11:51:11','2021-04-26 11:51:11'),(68,44,56,2,0,'2021-04-26 11:51:11','2021-04-26 11:51:11'),(69,45,51,6,0,'2021-04-26 11:59:11','2021-04-26 11:59:11'),(70,46,66,3,1,'2021-04-26 12:03:29','2021-04-26 12:03:47'),(71,47,34,1,0,'2021-04-26 12:04:34','2021-04-26 12:04:34'),(72,48,49,3,1,'2021-04-27 18:18:11','2021-05-10 16:43:43'),(73,49,39,10,0,'2021-04-29 14:57:52','2021-04-29 14:57:52'),(74,49,34,10,0,'2021-04-29 14:57:52','2021-04-29 14:57:52'),(75,49,52,6,0,'2021-04-29 14:57:52','2021-04-29 14:57:52'),(76,50,34,10,0,'2021-04-29 15:03:21','2021-04-29 15:03:21'),(77,51,33,1,0,'2021-04-29 19:30:34','2021-04-29 19:30:34'),(78,51,36,1,0,'2021-04-29 19:30:34','2021-04-29 19:30:34'),(79,52,34,10,1,'2021-04-30 07:07:52','2021-05-03 08:26:29'),(80,53,39,1,0,'2021-04-30 07:23:45','2021-04-30 07:23:45'),(81,53,48,1,0,'2021-04-30 07:23:45','2021-04-30 07:23:45'),(82,53,56,1,0,'2021-04-30 07:23:45','2021-04-30 07:23:45'),(83,53,86,1,1,'2021-04-30 07:23:45','2021-05-03 14:49:54'),(84,53,52,1,0,'2021-04-30 07:23:45','2021-04-30 07:23:45'),(85,53,54,1,1,'2021-04-30 07:23:45','2021-05-01 12:09:39'),(86,53,79,8,1,'2021-04-30 07:23:45','2021-05-03 09:08:00'),(87,53,64,1,1,'2021-04-30 07:23:45','2021-05-03 09:08:18'),(88,53,61,1,0,'2021-04-30 07:23:45','2021-04-30 07:23:45'),(89,54,91,1,1,'2021-05-03 09:06:01','2021-05-03 14:50:03'),(90,55,58,1,0,'2021-05-03 09:17:19','2021-05-03 09:17:19'),(91,56,68,35,0,'2021-05-03 09:25:07','2021-05-03 09:25:07'),(92,57,34,1,0,'2021-05-03 10:24:09','2021-05-03 10:24:09'),(93,57,35,1,0,'2021-05-03 10:24:09','2021-05-03 10:24:09'),(94,57,36,1,0,'2021-05-03 10:24:09','2021-05-03 10:24:09'),(95,57,37,1,0,'2021-05-03 10:24:09','2021-05-03 10:24:09'),(96,57,38,1,0,'2021-05-03 10:24:09','2021-05-03 10:24:09'),(97,57,47,1,0,'2021-05-03 10:24:09','2021-05-03 10:24:09'),(98,57,48,1,0,'2021-05-03 10:24:09','2021-05-03 10:24:09'),(99,57,49,1,0,'2021-05-03 10:24:09','2021-05-03 10:24:09'),(100,57,50,1,0,'2021-05-03 10:24:09','2021-05-03 10:24:09'),(101,57,51,1,0,'2021-05-03 10:24:09','2021-05-03 10:24:09'),(102,58,35,1,0,'2021-05-03 14:55:30','2021-05-03 14:55:30'),(103,58,36,1,0,'2021-05-03 14:55:30','2021-05-03 14:55:30'),(104,58,37,1,0,'2021-05-03 14:55:30','2021-05-03 14:55:30'),(105,58,51,1,0,'2021-05-03 14:55:30','2021-05-03 14:55:30'),(106,58,38,1,0,'2021-05-03 14:55:30','2021-05-03 14:55:30'),(107,58,48,1,0,'2021-05-03 14:55:30','2021-05-03 14:55:30'),(108,58,49,1,0,'2021-05-03 14:55:30','2021-05-03 14:55:30'),(109,58,50,1,0,'2021-05-03 14:55:30','2021-05-03 14:55:30'),(110,58,52,1,0,'2021-05-03 14:55:30','2021-05-03 14:55:30'),(111,58,53,1,0,'2021-05-03 14:55:30','2021-05-03 14:55:30'),(112,58,56,1,0,'2021-05-03 14:55:30','2021-05-03 14:55:30'),(113,59,35,1,0,'2021-05-03 14:56:14','2021-05-03 14:56:14'),(114,59,36,1,0,'2021-05-03 14:56:14','2021-05-03 14:56:14'),(115,59,37,1,0,'2021-05-03 14:56:14','2021-05-03 14:56:14'),(116,59,51,1,0,'2021-05-03 14:56:14','2021-05-03 14:56:14'),(117,59,38,1,0,'2021-05-03 14:56:14','2021-05-03 14:56:14'),(118,59,48,1,0,'2021-05-03 14:56:14','2021-05-03 14:56:14'),(119,59,49,1,0,'2021-05-03 14:56:14','2021-05-03 14:56:14'),(120,59,50,1,0,'2021-05-03 14:56:14','2021-05-03 14:56:14'),(121,59,52,1,0,'2021-05-03 14:56:14','2021-05-03 14:56:14'),(122,59,53,1,0,'2021-05-03 14:56:14','2021-05-03 14:56:14'),(123,59,56,1,0,'2021-05-03 14:56:14','2021-05-03 14:56:14'),(124,60,35,1,0,'2021-05-03 15:02:56','2021-05-03 15:02:56'),(125,60,36,1,0,'2021-05-03 15:02:56','2021-05-03 15:02:56'),(126,60,49,1,0,'2021-05-03 15:02:56','2021-05-03 15:02:56'),(127,60,51,1,0,'2021-05-03 15:02:56','2021-05-03 15:02:56'),(128,60,48,1,0,'2021-05-03 15:02:56','2021-05-03 15:02:56'),(129,60,52,1,0,'2021-05-03 15:02:56','2021-05-03 15:02:56'),(130,60,57,1,1,'2021-05-03 15:02:56','2021-05-09 16:49:18'),(131,60,59,1,0,'2021-05-03 15:02:56','2021-05-03 15:02:56'),(132,60,53,1,0,'2021-05-03 15:02:56','2021-05-03 15:02:56'),(133,60,55,2,0,'2021-05-03 15:02:56','2021-05-03 15:02:56'),(134,60,47,1,0,'2021-05-03 15:02:56','2021-05-03 15:02:56'),(135,61,35,1,0,'2021-05-03 15:04:42','2021-05-03 15:04:42'),(136,61,36,1,0,'2021-05-03 15:04:42','2021-05-03 15:04:42'),(137,61,49,1,0,'2021-05-03 15:04:42','2021-05-03 15:04:42'),(138,61,48,1,0,'2021-05-03 15:04:42','2021-05-03 15:04:42'),(139,61,52,1,0,'2021-05-03 15:04:42','2021-05-03 15:04:42'),(140,61,57,1,0,'2021-05-03 15:04:42','2021-05-03 15:04:42'),(141,61,59,1,0,'2021-05-03 15:04:42','2021-05-03 15:04:42'),(142,61,51,1,0,'2021-05-03 15:04:42','2021-05-03 15:04:42'),(143,61,53,1,0,'2021-05-03 15:04:42','2021-05-03 15:04:42'),(144,61,55,2,0,'2021-05-03 15:04:42','2021-05-03 15:04:42'),(145,61,47,1,0,'2021-05-03 15:04:42','2021-05-03 15:04:42'),(146,62,36,1,0,'2021-05-03 15:08:12','2021-05-03 15:08:12'),(147,63,34,1,0,'2021-05-07 13:54:20','2021-05-07 13:54:20'),(148,64,102,20,1,'2021-05-09 07:33:35','2021-05-16 13:15:34'),(149,64,102,1,1,'2021-05-09 07:33:35','2021-05-16 13:15:37'),(150,64,34,2,0,'2021-05-09 07:33:35','2021-05-09 07:33:35'),(151,64,47,1,0,'2021-05-09 07:33:35','2021-05-09 07:33:35'),(152,64,47,1,0,'2021-05-09 07:33:35','2021-05-09 07:33:35'),(153,64,53,1,0,'2021-05-09 07:33:35','2021-05-09 07:33:35'),(154,64,52,1,0,'2021-05-09 07:33:35','2021-05-09 07:33:35'),(155,64,52,1,1,'2021-05-09 07:33:35','2021-05-09 16:49:02'),(156,64,38,97,1,'2021-05-09 07:33:35','2021-05-09 16:49:09'),(157,64,38,1,0,'2021-05-09 07:33:35','2021-05-09 07:33:35'),(158,64,38,1,0,'2021-05-09 07:33:35','2021-05-09 07:33:35'),(159,65,49,89,0,'2021-05-10 07:32:56','2021-05-10 07:32:56'),(160,65,49,89,0,'2021-05-10 07:32:56','2021-05-10 07:32:56'),(161,65,49,89,0,'2021-05-10 07:32:56','2021-05-10 07:32:56'),(162,66,49,89,0,'2021-05-10 07:43:23','2021-05-10 07:43:23'),(163,66,49,89,0,'2021-05-10 07:43:23','2021-05-10 07:43:23'),(164,67,34,1,0,'2021-05-13 11:24:02','2021-05-13 11:24:02'),(165,68,38,1,0,'2021-05-14 05:05:42','2021-05-14 05:05:42'),(166,69,159,1,1,'2021-05-15 16:49:29','2021-05-18 16:11:07'),(167,70,164,1,0,'2021-05-16 12:04:10','2021-05-16 12:04:10'),(168,71,48,1,0,'2021-05-17 17:25:08','2021-05-17 17:25:08'),(169,72,55,1,0,'2021-05-19 08:23:41','2021-05-19 08:23:41'),(170,73,34,5,0,'2021-05-19 14:54:56','2021-05-19 14:54:56');
/*!40000 ALTER TABLE `items` ENABLE KEYS */;
UNLOCK TABLES;

--
-- Table structure for table `products`
--

DROP TABLE IF EXISTS `products`;
/*!40101 SET @saved_cs_client     = @@character_set_client */;
/*!50503 SET character_set_client = utf8mb4 */;
CREATE TABLE `products` (
  `id` int NOT NULL AUTO_INCREMENT,
  `seller_id` int NOT NULL,
  `name` varchar(255) DEFAULT NULL,
  `sativa` varchar(255) DEFAULT NULL,
  `thc` varchar(255) DEFAULT NULL,
  `description` text CHARACTER SET latin1 COLLATE latin1_swedish_ci,
  `image` varchar(255) DEFAULT NULL,
  `price` decimal(10,0) DEFAULT NULL,
  `stock` int DEFAULT NULL,
  `remaining_stock` int DEFAULT NULL,
  `status` tinyint(1) NOT NULL DEFAULT '1',
  `created_at` datetime NOT NULL,
  `updated_at` datetime NOT NULL,
  PRIMARY KEY (`id`)
) ENGINE=InnoDB AUTO_INCREMENT=175 DEFAULT CHARSET=latin1;
/*!40101 SET character_set_client = @saved_cs_client */;

--
-- Dumping data for table `products`
--

LOCK TABLES `products` WRITE;
/*!40000 ALTER TABLE `products` DISABLE KEYS */;
INSERT INTO `products` VALUES (34,5,'Khaman','101112','test wbjhw@@@$$$','<p>test product</p>','415f96a0-b47c-11eb-b20e-71e732bb0ef8.jpg',100,5,0,1,'2021-04-13 18:21:01','2021-05-19 14:54:56'),(36,11,'dumper thumper','85','10mg','<p>dumper thumper</p>',NULL,4,99999,99999,1,'2021-04-21 12:56:15','2021-04-23 09:40:25'),(38,12,'Product 01','10','Content','<p><strong>Product description here.</strong></p><p><strong>Product description here.</strong></p><p><a href=\"google.com\" rel=\"noopener noreferrer\" target=\"_blank\"><strong>link</strong></a></p><ol><li>test1</li><li>test 2</li><li>test 3</li></ol>','raphael-lovaski-Pe9IXUuC6QU-unsplash_(1).jpg',55,10,997,1,'2021-04-23 11:14:57','2021-05-14 05:05:42'),(47,12,'Product 4','99','THC Content Content','<p>TEst</p>','ravi-roshan-_AdUs32i0jc-unsplash.jpg',80,89,89,0,'2021-04-23 12:43:05','2021-05-09 16:51:24'),(48,12,'Product 4','99','THC Content Content','<p>There are many variations of passages of Lorem Ipsum available, but the majority have suffered alteration in some form, by injected humour, or randomised words which don\'t look even slightly believable.</p>','ravi-roshan-_AdUs32i0jc-unsplash.jpg',80,89,88,1,'2021-04-23 12:43:05','2021-05-17 17:25:08'),(49,12,'dick enhance','1','6.9%','<p>THiS ProDUCCt will mAKE Your DICK ENOURMOUS. DON\'T MISS OUT SUPPLIES ARE LIMITED BUY NOW</p>','ravi-roshan-_AdUs32i0jc-unsplash.jpg',421,8,8,1,'2021-04-23 12:43:05','2021-05-15 10:45:15'),(50,15,'Gas station boner pills','50','999','<p>Only the highest quality gas station boner pills. guaranteed to make it yuge and last for dayz</p>','ca-times.brightspotcdn.com.jpg',2,1000000,1000000,1,'2021-04-23 14:14:44','2021-04-23 14:14:45'),(51,15,'Helicopter Dick','50','999','<p>To impress a chick, helicopter dick</p>','index.jpg',100,10,10,1,'2021-04-23 14:31:37','2021-04-29 12:10:07'),(52,16,'Test','8','999','<h1><strong>ok</strong></h1><h1><br></h1><h2><strong>nok</strong></h2><p><br></p><p><em>jjjjj</em></p>',NULL,0,6,5,1,'2021-04-23 14:37:52','2021-05-09 07:33:38'),(53,16,'Product 6','1','test','<p>no des</p>',NULL,0,10000,9999,1,'2021-04-23 14:39:31','2021-05-09 07:33:38'),(54,16,'Product 7','1','Testtest','<h1>BIG DESCRIPTION</h1>',NULL,1,1,0,1,'2021-04-23 14:41:02','2021-05-01 12:09:40'),(55,16,'Product 8','11','Content','<h1>Heading 1</h1><h2>heading 2</h2><h3>heading 3</h3>',NULL,12,56,55,1,'2021-04-23 14:42:18','2021-05-19 08:23:41'),(56,15,'Gimp Suit, F','50','999','<p>Latex gimp suit for ladies</p>','d80952ca-cc38-46ba-9eab-afd5818cafde.png',275,69,69,1,'2021-04-23 14:42:48','2021-04-23 14:43:00'),(57,15,'Gimp Suit, M','50','999','<p>Latex gimp suit for gay men</p>','e2b678c09a28ff75b89e74e4407442d2.jpg',275,69,69,1,'2021-04-23 14:43:27','2021-04-23 14:43:38'),(58,16,'Product 9','1','1','<h1>Heading 1 (2 spaces after)</h1><p><br></p><h2>heading 2</h2><h2><br></h2><h2><em>Italics</em></h2>','s329249090225435585_p17_i1_w1280.jpeg',1,2,1,1,'2021-04-23 14:43:44','2021-05-01 09:48:47'),(59,15,'Cuckold chastity belt','99','1','<p>chastity belt for your husband, while getting railed by bbc</p>','s-l1600.jpg',125,69,69,1,'2021-04-23 14:48:05','2021-04-23 14:48:07'),(60,15,'Ball Gag','12','6','<p>ball gag for shutting that ho up</p>','81nhzA24O7L._AC_SL1500_.jpg',125,69,69,1,'2021-04-23 14:52:22','2021-04-23 14:52:24'),(61,15,'Open mouth gag','12','6','<p>stuff whatever you want in there</p>','vf806-strict-spider-open-mouth-gag-model-1c_540x540.jpg',125,69,69,1,'2021-04-23 14:55:22','2021-04-23 14:55:23'),(62,15,'Butt Plug','69','69','<p>really big</p>','71vfhLdwweL._AC_SL1500_.jpg',269,69,69,1,'2021-04-23 15:06:56','2021-04-23 15:06:58'),(64,17,'Product 13','9','7','<p>description</p><p>description</p><p>description</p><p>description</p><p>description</p><p>description</p><p>description</p><p>description</p><p>description</p><p>description</p>','case-22998-face-lift-before-after.jpg',99,12,11,1,'2021-04-26 11:11:56','2021-05-03 09:08:19'),(65,17,'Product 14','9','7','<p>description</p><p>description</p><p>description</p><p>description</p><p>description</p><p>description</p><p>description</p><p>description</p><p>description</p><p>description</p>','13afaa8b7b9d0ffacc3c896049ce358c.jpg',990,12,12,1,'2021-04-26 11:12:26','2021-04-26 11:12:29'),(66,23,'kedi','5','10','<p>kedi</p>','moodyCat.gif',15,1000,997,1,'2021-04-26 12:02:29','2021-04-26 12:03:48'),(68,5,'test product','20','test','<p>jkhkjh 123</p>','platlysoft.jpg',100,100,100,1,'2021-04-27 18:21:48','2021-05-12 09:01:56'),(79,5,'test name','10','test content','<p>jhjkhjhkhkjhjkh</p>','steve-jobs.jpg',20,10,2,1,'2021-04-28 05:30:22','2021-05-03 09:08:06'),(84,5,'testing','7','test content','<p>jhkjhjkh</p>','steve-jobs.jpg',100,20,20,1,'2021-04-28 10:46:27','2021-04-28 10:46:30'),(85,25,'Product 20','78','55','test only','69e12650-b5a0-11eb-be37-d5d0e5eb7b28.jpg',390,88888,88888,1,'2021-04-30 07:03:29','2021-05-15 17:10:14'),(86,25,'product 21','89','34','<h1>TEST</h1><h1>TEST</h1><p><br></p><h1>TEST</h1><p><br></p><h1>TEST</h1><p><br></p><p><br></p><p><br></p><p><br></p><h1>TEST</h1><h1>TEST</h1><h1>TEST</h1><p><br></p>','Untitled_design_(16).png',1,3,2,1,'2021-04-30 07:13:10','2021-05-03 14:49:55'),(90,24,'snack','1','1','<p>snacks</p>','khaman.jpg',-1,130,130,1,'2021-05-01 07:34:50','2021-05-10 16:28:46'),(91,25,'Product 22','1','2','<p>test</p>','pexels-august-de-richelieu-7433337.jpg',1,1,0,1,'2021-05-03 09:04:51','2021-05-03 14:50:03'),(92,24,'pet','1','1','<p>pet</p>','image.png',10,1,1,1,'2021-05-05 17:13:29','2021-05-05 17:13:32'),(93,24,'new','1','1','<p>toy</p>','image.png',12,1,1,1,'2021-05-05 17:13:56','2021-05-05 17:13:59'),(94,24,'doll train','1','1','<p>doll train</p>','download_(3).jpg',-1,20,20,1,'2021-05-05 17:14:33','2021-05-10 16:28:08'),(95,5,'fafda','10','test','<p>sskdjsldklkj</p>','steve-jobs.jpg',100,100,100,1,'2021-05-07 13:53:29','2021-05-07 13:53:31'),(96,34,'Bag of dicks','50','100','<p>get your very own bag of dicks filled with thc goodness</p>','dicks.png',25,3000,3000,1,'2021-05-07 16:53:37','2021-05-07 16:53:39'),(97,34,'Cocaine','0','0','<p>78% pure colombian cocaine</p>','yeyo.png',80,100,100,1,'2021-05-07 16:55:06','2021-05-07 16:55:07'),(98,34,'cocaine','0','0','<p>even better cocaine</p>','cocaine_1.png',120,50,50,1,'2021-05-07 16:56:01','2021-05-07 16:56:03'),(99,34,'sluts with curves','0','0','<p>come get your sluts</p>','IS.png',150,32,32,1,'2021-05-07 16:58:01','2021-05-07 16:58:09'),(100,34,'vag pounder','0','0','<p>this thing will hurt so good</p>','ad873_model_std_w_bra_533x750__65765.1408718617.1280.1280.jpg',350,27,27,1,'2021-05-07 17:01:14','2021-05-07 17:01:15'),(101,34,'huge dildo','0','0','<p>big enough for most sluts</p>','large-dildo.jpg',275,34,34,1,'2021-05-07 17:02:04','2021-05-07 17:02:05'),(102,34,'roofies','0','0','<p>knockem before sockem</p>','xx0i7z227fi11.jpg',22,884,883,1,'2021-05-07 17:03:44','2021-05-09 07:33:37'),(103,25,'Product 302','22','12','<p><strong>Lorem Ipsum</strong>&nbsp;is simply dummy text of the printing and typesetting industry. Lorem Ipsum has been the industry\'s standard dummy text ever since the 1500s, when an unknown printer took a galley of type and scrambled it to make a type specimen book. It has survived not only five centuries, but also the leap into electronic typesetting, remaining essentially unchanged. It was popularised in the 1960s with the release of Letraset sheets containing Lorem Ipsum passages, and more recently with desktop publishing software like Aldus PageMaker including versions of Lorem Ipsum.</p><h2>Why do we use it?</h2><p>It is a long established fact that a reader will be distracted by the readable content of a page when looking at its layout. The point of using Lorem Ipsum is that it has a more-or-less normal distribution of letters, as opposed to using \'Content here, content here\', making it look like readable English. Many desktop publishing packages and web page editors now use Lorem Ipsum as their default model text, and a search for \'lorem ipsum\' will uncover many web sites still in their infancy. Various versions have evolved over the years, sometimes by accident, sometimes on purpose (injected humour and the like).</p><p><br></p><p><strong>Lorem Ipsum</strong>&nbsp;is simply dummy text of the printing and typesetting industry. Lorem Ipsum has been the industry\'s standard dummy text ever since the 1500s, when an unknown printer took a galley of type and scrambled it to make a type specimen book. It has survived not only five centuries, but also the leap into electronic typesetting, remaining essentially unchanged. It was popularised in the 1960s with the release of Letraset sheets containing Lorem Ipsum passages, and more recently with desktop publishing software like Aldus PageMaker including versions of Lorem Ipsum.</p><h2>Why do we use it?</h2><p>It is a long established fact that a reader will be distracted by the readable content of a page when looking at its layout. The point of using Lorem Ipsum is that it has a more-or-less normal distribution of letters, as opposed to using \'Content here, content here\', making it look like readable English. Many desktop publishing packages and web page editors now use Lorem Ipsum as their default model text, and a search for \'lorem ipsum\' will uncover many web sites still in their infancy. Various versions have evolved over the years, sometimes by accident, sometimes on purpose (injected humour and the like).</p>','5ac680d0-b0e5-11eb-a2fd-631a2c474e97.jpg',1002,12,12,1,'2021-05-09 16:41:06','2021-05-09 16:41:39'),(104,35,'porduct 2','1','1','<p>1111</p>','c3677d20-b0e9-11eb-a2fd-631a2c474e97.jpg',1,1,1,1,'2021-05-09 17:12:38','2021-05-09 17:12:42'),(105,24,'@!1','12','1','<p>FF%^&amp;^&amp;&amp;</p>','881a2c40-b1ac-11eb-9dd3-85adcecf0d91.jpg',5,10,10,1,'2021-05-10 16:26:46','2021-05-10 16:26:54'),(118,37,'new doll','10','Test Product Content','<p>qq</p>',NULL,-1,-100,-100,1,'2021-05-13 14:32:58','2021-05-13 15:12:30'),(119,37,'new Toy train','5','Test Product Content','',NULL,1,12,12,1,'2021-05-13 14:32:58','2021-05-13 14:32:58'),(120,37,'new dolly','10','Test Product Content','<p>new new</p>',NULL,0,0,0,1,'2021-05-13 14:34:28','2021-05-13 15:01:46'),(121,37,'new Toy train blue','5','Test Product Content','new new',NULL,10,0,0,1,'2021-05-13 14:34:28','2021-05-13 14:34:28'),(122,37,'rice','10','Test Product Content','',NULL,1,12,12,1,'2021-05-13 14:44:54','2021-05-13 14:44:54'),(123,37,'wheat','5','Test Product Content','',NULL,1,12,12,1,'2021-05-13 14:44:54','2021-05-13 14:44:54'),(125,37,'','5','Test Product Content','',NULL,1,12,12,1,'2021-05-13 14:45:16','2021-05-13 14:45:16'),(128,37,'Bubble tea','','','',NULL,1,12,12,1,'2021-05-13 14:51:06','2021-05-13 14:51:06'),(129,37,'Hot tea','','','',NULL,1,12,12,1,'2021-05-13 14:51:06','2021-05-13 14:51:06'),(130,37,'coffee','','','',NULL,10,1,1,1,'2021-05-13 14:52:52','2021-05-13 14:52:52'),(131,37,'cold coffee','','','',NULL,10,1,1,1,'2021-05-13 14:52:52','2021-05-13 14:52:52'),(132,37,'coffee','','','',NULL,10,1,1,1,'2021-05-13 14:54:14','2021-05-13 14:54:14'),(133,37,'cold coffee','','','',NULL,10,1,1,1,'2021-05-13 14:54:14','2021-05-13 14:54:14'),(134,37,'coffee','11','11','<p>11</p>',NULL,-1,-10,-10,1,'2021-05-13 14:56:30','2021-05-13 15:01:29'),(135,37,'cold coffee','','','',NULL,-1,1,1,1,'2021-05-13 14:56:30','2021-05-13 14:56:30'),(136,37,'new dolly','10','Test Product Content','<p>new new</p>',NULL,10,-100,-100,1,'2021-05-13 15:05:58','2021-05-13 15:06:05'),(137,37,'new Toy train blue','5','Test Product Content','new new',NULL,10,-100,-100,1,'2021-05-13 15:05:58','2021-05-13 15:05:58'),(139,25,'csv2','2','thc2','Lorem Ipsum is simply dummy text of the printing and typesetting industry. Lorem Ipsum has been the industry\'s standard dummy text ever since the 1500s, when an unknown printer took a galley of type and scrambled it to make a type specimen book. It has survived not only five centuries, but also the leap into electronic typesetting, remaining essentially unchanged. It was popularised in the 1960s with the release of Letraset sheets containing Lorem Ipsum passages, and more recently with desktop publishing software like Aldus PageMaker including versions of Lorem Ipsum.',NULL,15,10,10,1,'2021-05-14 00:55:42','2021-05-14 00:55:42'),(140,25,'csv3','89','thc3','It is a long established fact that a reader will be distracted by the readable content of a page when looking at its layout. The point of using Lorem Ipsum is that it has a more-or-less normal distribution of letters, as opposed to using \'Content here, content here\', making it look like readable English. Many desktop publishing packages and web page editors now use Lorem Ipsum as their default model text, and a search for \'lorem ipsum\' will uncover many web sites still in their infancy. Various versions have evolved over the years, sometimes by accident, sometimes on purpose (injected humour and the like).',NULL,0,0,0,1,'2021-05-14 00:55:42','2021-05-14 00:55:42'),(141,25,'CSV1','1','thc1','It is a long established fact that a reader will be distracted by the readable content of a page when looking at its layout. The point of using Lorem Ipsum is that it has a more-or-less normal distribution of letters, as opposed to using \'Content here, content here\', making it look like readable English. Many desktop publishing packages and web page editors now use Lorem Ipsum as their default model text, and a search for \'lorem ipsum\' will uncover many web sites still in their infancy. Various versions have evolved over the years, sometimes by accident, sometimes on purpose (injected humour and the like).',NULL,10,5,5,1,'2021-05-14 01:32:13','2021-05-14 01:32:13'),(142,25,'csv2','2','thc2','Lorem Ipsum is simply dummy text of the printing and typesetting industry. Lorem Ipsum has been the industry\'s standard dummy text ever since the 1500s, when an unknown printer took a galley of type and scrambled it to make a type specimen book. It has survived not only five centuries, but also the leap into electronic typesetting, remaining essentially unchanged. It was popularised in the 1960s with the release of Letraset sheets containing Lorem Ipsum passages, and more recently with desktop publishing software like Aldus PageMaker including versions of Lorem Ipsum.',NULL,15,10,10,1,'2021-05-14 01:32:13','2021-05-14 01:32:13'),(143,25,'csv3','89','thc3','It is a long established fact that a reader will be distracted by the readable content of a page when looking at its layout. The point of using Lorem Ipsum is that it has a more-or-less normal distribution of letters, as opposed to using \'Content here, content here\', making it look like readable English. Many desktop publishing packages and web page editors now use Lorem Ipsum as their default model text, and a search for \'lorem ipsum\' will uncover many web sites still in their infancy. Various versions have evolved over the years, sometimes by accident, sometimes on purpose (injected humour and the like).',NULL,0,0,0,1,'2021-05-14 01:32:13','2021-05-14 01:32:13'),(144,25,'a','1','thc1','It is a long established fact that a reader will be distracted by the readable content of a page when looking at its layout. The point of using Lorem Ipsum is that it has a more-or-less normal distribution of letters, as opposed to using \'Content here, content here\', making it look like readable English. Many desktop publishing packages and web page editors now use Lorem Ipsum as their default model text, and a search for \'lorem ipsum\' will uncover many web sites still in their infancy. Various versions have evolved over the years, sometimes by accident, sometimes on purpose (injected humour and the like).',NULL,10,5,5,1,'2021-05-14 01:34:48','2021-05-14 01:34:48'),(145,25,'b','2','thc2','Lorem Ipsum is simply dummy text of the printing and typesetting industry. Lorem Ipsum has been the industry\'s standard dummy text ever since the 1500s, when an unknown printer took a galley of type and scrambled it to make a type specimen book. It has survived not only five centuries, but also the leap into electronic typesetting, remaining essentially unchanged. It was popularised in the 1960s with the release of Letraset sheets containing Lorem Ipsum passages, and more recently with desktop publishing software like Aldus PageMaker including versions of Lorem Ipsum.',NULL,15,10,10,1,'2021-05-14 01:34:48','2021-05-14 01:34:48'),(146,25,'c','89','thc3','It is a long established fact that a reader will be distracted by the readable content of a page whp publishing packages and web page editors now use Lorem Ipsum as their default model text, and a search for \'lorem ipsum\' will uncover many web sites still in their infancy. Various versions have evolved over the years, sometimes by accident, sometimes on purpose (injected humour and the like).','4c2b7290-b5a1-11eb-be37-d5d0e5eb7b28.jpg',89,999,999,1,'2021-05-14 01:34:48','2021-05-15 17:16:33'),(147,25,'a','1','thc1','It is a long established fact that a reader will be distracted by the readable content of a page when looking at its layout. The point of using Lorem Ipsum is that it has a more-or-less normal distribution of letters, as opposed to using \'Content here, content here\', making it look like readable English. Many desktop publishing packages and web page editors now use Lorem Ipsum as their default model text, and a search for \'lorem ipsum\' will uncover many web sites still in their infancy. Various versions have evolved over the years, sometimes by accident, sometimes on purpose (injected humour and the like).',NULL,10,5,5,1,'2021-05-14 01:35:35','2021-05-14 01:35:35'),(148,25,'b','2','thc2','Lorem Ipsum is simply dummy text of the printing and typesetting industry. Lorem Ipsum has been the industry\'s standard dummy text ever since the 1500s, when an unknown printer took a galley of type and scrambled it to make a type specimen book. It has survived not only five centuries, but also the leap into electronic typesetting, remaining essentially unchanged. It was popularised in the 1960s with the release of Letraset sheets containing Lorem Ipsum passages, and more recently with desktop publishing software like Aldus PageMaker including versions of Lorem Ipsum.',NULL,15,10,10,1,'2021-05-14 01:35:35','2021-05-14 01:35:35'),(149,25,'c','89','thc3','It is a long established fact that a reader will be distracted by the readable content of a page when looking at its layout. The point of using Lorem Ipsum is that it has a more-or-less normal distribution of letters, as opposed to using \'Content here, content here\', making it look like readable English. Many desktop publishing packages and web page editors now use Lorem Ipsum as their default model text, and a search for \'lorem ipsum\' will uncover many web sites still in their infancy. Various versions have evolved over the years, sometimes by accident, sometimes on purpose (injected humour and the like).',NULL,0,0,0,1,'2021-05-14 01:35:36','2021-05-14 01:35:36'),(151,5,'Test Product name','15','Test Product Content','Test Product Description',NULL,10,5,5,1,'2021-05-14 12:11:06','2021-05-14 12:11:06'),(152,5,'888df','10','test','this is just','81e672e0-b565-11eb-be37-d5d0e5eb7b28.jpg',100,1,1,1,'2021-05-15 10:08:32','2021-05-15 10:08:34'),(153,39,'toy','1','1','toy','995ff230-b582-11eb-be37-d5d0e5eb7b28.jpg',1,200,200,1,'2021-05-15 13:36:47','2021-05-15 14:31:39'),(154,39,'Toy','15','Test Product Content','Toy girls',NULL,10,1,1,1,'2021-05-15 14:13:34','2021-05-15 14:13:34'),(155,39,'coffee','15','Test Product Content','Toy girls',NULL,10,1,1,1,'2021-05-15 14:15:12','2021-05-15 14:15:12'),(156,25,'Product 200','11','3','It has survived not only five centuries, but also the leap into electronic typesetting, remaining essentially unchanged.',NULL,20,31,31,1,'2021-05-15 16:41:03','2021-05-15 16:41:03'),(157,25,'Product 300','12','4','It has survived not only five centuries, but also the leap into electronic typesetting, remaining essentially unchanged.',NULL,30,31,31,1,'2021-05-15 16:41:03','2021-05-15 16:41:03'),(158,25,'Product 400','13','5','It has survived not only five centuries, but also the leap into electronic typesetting, remaining essentially unchanged.',NULL,40,31,31,1,'2021-05-15 16:41:03','2021-05-15 16:41:03'),(159,25,'Product 500','14','6','It has survived not only five centuries, but also the leap into electronic typesetting, remaining essentially unchanged.',NULL,50,31,30,1,'2021-05-15 16:41:03','2021-05-15 16:49:29'),(160,40,'Product 200','11','3','It has survived not only five centuries, but also the leap into electronic typesetting, remaining essentially unchanged.',NULL,20,31,31,1,'2021-05-15 16:50:19','2021-05-15 16:50:19'),(161,40,'Product 400','13','5','It has survived not only five centuries, but also the leap into electronic typesetting, remaining essentially unchanged.',NULL,40,31,31,1,'2021-05-15 16:50:19','2021-05-15 16:50:19'),(162,40,'Product 300','12','4','It has survived not only five centuries, but also the leap into electronic typesetting, remaining essentially unchanged.',NULL,30,31,31,1,'2021-05-15 16:50:19','2021-05-15 16:50:19'),(163,40,'Product 500','14','6','It has survived not only five centuries, but also the leap into electronic typesetting, remaining essentially unchanged.',NULL,50,31,31,1,'2021-05-15 16:50:19','2021-05-15 16:50:19'),(164,25,'Product 202','11','3','It has survived not only five centuries, but also the leap into electronic typesetting, remaining essentially unchanged.',NULL,10,1,0,1,'2021-05-15 17:00:14','2021-05-16 12:04:10'),(165,41,'butt plug','5','100 mg','remote control butt plug for your lady','c7936460-b64b-11eb-be37-d5d0e5eb7b28.jpg',100,5000,5000,1,'2021-05-16 13:36:54','2021-05-16 13:36:55'),(167,42,'ok','1','1','Lorem Ipsum is simply dummy text of the printing and typesetting industry. Lorem Ipsum has been the industry\'s standard dummy text ever since the 1500s, when an unknown printer took a galley of type and scrambled it to make a type specimen book. It has survived not only five centuries, but also the leap into electronic typesetting, remaining essentially unchanged. It was popularised in the 1960s with the release of Letraset sheets containing Lorem Ipsum passages, and more recently with desktop publishing software like Aldus PageMaker including versions of Lorem Ipsum.','55c33be0-b735-11eb-be37-d5d0e5eb7b28.jpg',1,1,1,1,'2021-05-17 17:28:45','2021-05-17 17:28:46'),(168,25,'PPPPP','1','1','fdgd','4f23bc10-b7f3-11eb-a2f7-1138bb93e750.jpg',1,1,1,1,'2021-05-18 16:08:38','2021-05-18 16:08:39'),(169,25,'Product 202','11','3','It has survived not only five centuries, but also the leap into electronic typesetting, remaining essentially unchanged.',NULL,10,1,1,1,'2021-05-18 16:17:57','2021-05-18 16:17:57'),(170,25,'Product 202','11','3','It has survived not only five centuries, but also the leap into electronic typesetting, remaining essentially unchanged.',NULL,10,1,1,1,'2021-05-18 16:18:28','2021-05-18 16:18:28'),(171,25,'Product 202','11','3','It has survived not only five centuries, but also the leap into electronic typesetting, remaining essentially unchanged.',NULL,10,1,1,1,'2021-05-18 16:18:28','2021-05-18 16:18:28'),(172,25,'Product 202','11','3','It has survived not only five centuries, but also the leap into electronic typesetting, remaining essentially unchanged.',NULL,10,1,1,1,'2021-05-18 16:18:28','2021-05-18 16:18:28'),(173,25,'Product 202','11','3','It has survived not only five centuries, but also the leap into electronic typesetting, remaining essentially unchanged.',NULL,10,1,1,1,'2021-05-18 16:18:48','2021-05-18 16:18:48'),(174,43,'prodcy','1','1','sds','577336b0-b8b2-11eb-9e12-9974060567d7.jpg',1,1,1,1,'2021-05-19 14:56:05','2021-05-19 14:56:08');
/*!40000 ALTER TABLE `products` ENABLE KEYS */;
UNLOCK TABLES;

--
-- Table structure for table `roles`
--

DROP TABLE IF EXISTS `roles`;
/*!40101 SET @saved_cs_client     = @@character_set_client */;
/*!50503 SET character_set_client = utf8mb4 */;
CREATE TABLE `roles` (
  `id` int NOT NULL,
  `name` varchar(255) DEFAULT NULL,
  `created_at` datetime NOT NULL,
  `updated_at` datetime NOT NULL,
  PRIMARY KEY (`id`)
) ENGINE=InnoDB DEFAULT CHARSET=latin1;
/*!40101 SET character_set_client = @saved_cs_client */;

--
-- Dumping data for table `roles`
--

LOCK TABLES `roles` WRITE;
/*!40000 ALTER TABLE `roles` DISABLE KEYS */;
INSERT INTO `roles` VALUES (1,'user','2021-02-24 06:15:07','2021-02-24 06:15:07'),(2,'moderator','2021-02-24 06:15:07','2021-02-24 06:15:07'),(3,'admin','2021-02-24 06:15:07','2021-02-24 06:15:07');
/*!40000 ALTER TABLE `roles` ENABLE KEYS */;
UNLOCK TABLES;

--
-- Table structure for table `states`
--

DROP TABLE IF EXISTS `states`;
/*!40101 SET @saved_cs_client     = @@character_set_client */;
/*!50503 SET character_set_client = utf8mb4 */;
CREATE TABLE `states` (
  `id` int NOT NULL,
  `country_id` int DEFAULT NULL,
  `code` varchar(255) DEFAULT NULL,
  `name` varchar(255) DEFAULT NULL,
  `createdAt` datetime NOT NULL,
  `updatedAt` datetime NOT NULL,
  PRIMARY KEY (`id`)
) ENGINE=InnoDB DEFAULT CHARSET=utf8mb4 COLLATE=utf8mb4_0900_ai_ci;
/*!40101 SET character_set_client = @saved_cs_client */;

--
-- Dumping data for table `states`
--

LOCK TABLES `states` WRITE;
/*!40000 ALTER TABLE `states` DISABLE KEYS */;
INSERT INTO `states` VALUES (1,1,'AK','Alaska','2021-05-18 10:29:32','2021-05-18 10:29:32'),(2,1,'AZ','Arizona','2021-05-18 10:29:32','2021-05-18 10:29:32'),(3,1,'CA','California','2021-05-18 10:29:32','2021-05-18 10:29:32'),(4,1,'CO','Colorado','2021-05-18 10:29:32','2021-05-18 10:29:32'),(5,1,'IL','Illinois','2021-05-18 10:29:32','2021-05-18 10:29:32'),(6,1,'MA','Massachusetts','2021-05-18 10:29:32','2021-05-18 10:29:32'),(7,1,'ME','Maine','2021-05-18 10:29:32','2021-05-18 10:29:32'),(8,1,'MI','Michigan','2021-05-18 10:29:32','2021-05-18 10:29:32'),(9,1,'MT','Montana','2021-05-18 10:29:32','2021-05-18 10:29:32'),(10,1,'NJ','New Jersey','2021-05-18 10:29:32','2021-05-18 10:29:32'),(11,1,'NM','New Mexico','2021-05-18 10:29:32','2021-05-18 10:29:32'),(12,1,'NV','Nevada','2021-05-18 10:29:32','2021-05-18 10:29:32'),(13,1,'NY','New York','2021-05-18 10:29:32','2021-05-18 10:29:32'),(14,1,'OR','Oregon','2021-05-18 10:29:32','2021-05-18 10:29:32'),(15,1,'VA','Virginia','2021-05-18 10:29:32','2021-05-18 10:29:32'),(16,1,'VT','Vermont','2021-05-18 10:29:32','2021-05-18 10:29:32'),(17,1,'WA','Washington','2021-05-18 10:29:32','2021-05-18 10:29:32');
/*!40000 ALTER TABLE `states` ENABLE KEYS */;
UNLOCK TABLES;

--
-- Table structure for table `user_roles`
--

DROP TABLE IF EXISTS `user_roles`;
/*!40101 SET @saved_cs_client     = @@character_set_client */;
/*!50503 SET character_set_client = utf8mb4 */;
CREATE TABLE `user_roles` (
  `created_at` datetime NOT NULL,
  `updated_at` datetime NOT NULL,
  `role_id` int NOT NULL,
  `user_id` int NOT NULL,
  PRIMARY KEY (`role_id`,`user_id`),
  KEY `user_id` (`user_id`),
  CONSTRAINT `user_roles_ibfk_1` FOREIGN KEY (`role_id`) REFERENCES `roles` (`id`) ON DELETE CASCADE ON UPDATE CASCADE,
  CONSTRAINT `user_roles_ibfk_2` FOREIGN KEY (`user_id`) REFERENCES `users` (`id`) ON DELETE CASCADE ON UPDATE CASCADE
) ENGINE=InnoDB DEFAULT CHARSET=latin1;
/*!40101 SET character_set_client = @saved_cs_client */;

--
-- Dumping data for table `user_roles`
--

LOCK TABLES `user_roles` WRITE;
/*!40000 ALTER TABLE `user_roles` DISABLE KEYS */;
INSERT INTO `user_roles` VALUES ('2021-03-04 05:56:36','2021-03-04 05:56:36',1,2),('2021-04-13 18:13:46','2021-04-13 18:13:46',1,5),('2021-04-19 12:20:53','2021-04-19 12:20:53',1,7),('2021-04-19 12:21:16','2021-04-19 12:21:16',1,8),('2021-04-21 12:49:59','2021-04-21 12:49:59',1,10),('2021-04-21 12:51:26','2021-04-21 12:51:26',1,11),('2021-04-23 05:22:51','2021-04-23 05:22:51',1,12),('2021-04-23 14:04:37','2021-04-23 14:04:37',1,15),('2021-04-23 14:29:58','2021-04-23 14:29:58',1,16),('2021-04-25 11:34:17','2021-04-25 11:34:17',1,17),('2021-04-26 11:14:59','2021-04-26 11:14:59',1,18),('2021-04-26 11:15:16','2021-04-26 11:15:16',1,19),('2021-04-26 11:16:23','2021-04-26 11:16:23',1,20),('2021-04-26 11:17:13','2021-04-26 11:17:13',1,21),('2021-04-26 11:21:30','2021-04-26 11:21:30',1,22),('2021-04-26 11:46:46','2021-04-26 11:46:46',1,23),('2021-04-29 12:57:37','2021-04-29 12:57:37',1,24),('2021-04-29 14:26:55','2021-04-29 14:26:55',1,25),('2021-04-29 15:23:46','2021-04-29 15:23:46',1,26),('2021-04-29 15:23:47','2021-04-29 15:23:47',1,27),('2021-04-29 15:30:33','2021-04-29 15:30:33',1,28),('2021-04-29 19:15:16','2021-04-29 19:15:16',1,29),('2021-05-01 09:47:34','2021-05-01 09:47:34',1,30),('2021-05-01 09:51:15','2021-05-01 09:51:15',1,31),('2021-05-01 10:52:53','2021-05-01 10:52:53',1,32),('2021-05-03 08:52:20','2021-05-03 08:52:20',1,33),('2021-05-07 16:45:01','2021-05-07 16:45:01',1,34),('2021-05-09 17:03:53','2021-05-09 17:03:53',1,35),('2021-05-10 07:40:11','2021-05-10 07:40:11',1,36),('2021-05-13 14:20:04','2021-05-13 14:20:04',1,37),('2021-05-14 01:45:10','2021-05-14 01:45:10',1,38),('2021-05-15 12:38:26','2021-05-15 12:38:26',1,39),('2021-05-15 16:45:42','2021-05-15 16:45:42',1,40),('2021-05-16 13:33:03','2021-05-16 13:33:03',1,41),('2021-05-17 17:26:43','2021-05-17 17:26:43',1,42),('2021-05-19 14:55:29','2021-05-19 14:55:29',1,43),('2021-03-22 10:47:18','2021-03-22 10:47:18',3,3);
/*!40000 ALTER TABLE `user_roles` ENABLE KEYS */;
UNLOCK TABLES;

--
-- Table structure for table `users`
--

DROP TABLE IF EXISTS `users`;
/*!40101 SET @saved_cs_client     = @@character_set_client */;
/*!50503 SET character_set_client = utf8mb4 */;
CREATE TABLE `users` (
  `id` int NOT NULL AUTO_INCREMENT,
  `username` varchar(255) DEFAULT NULL,
  `email` varchar(255) DEFAULT NULL,
  `password` varchar(255) DEFAULT NULL,
  `name` varchar(255) DEFAULT NULL,
  `contact` varchar(255) DEFAULT NULL,
  `title` varchar(255) DEFAULT NULL,
  `company_name` varchar(255) DEFAULT NULL,
  `zip` varchar(255) DEFAULT NULL,
  `document` varchar(255) DEFAULT NULL,
  `phone` varchar(255) DEFAULT NULL,
  `address` varchar(255) DEFAULT NULL,
  `province` varchar(255) DEFAULT NULL,
  `city` varchar(255) DEFAULT NULL,
  `area` varchar(255) DEFAULT NULL,
  `shop_name` varchar(255) DEFAULT NULL,
  `status` tinyint(1) NOT NULL DEFAULT '1',
  `image` varchar(255) DEFAULT NULL,
  `created_at` datetime NOT NULL,
  `updated_at` datetime NOT NULL,
  PRIMARY KEY (`id`)
) ENGINE=InnoDB AUTO_INCREMENT=44 DEFAULT CHARSET=latin1;
/*!40101 SET character_set_client = @saved_cs_client */;

--
-- Dumping data for table `users`
--

LOCK TABLES `users` WRITE;
/*!40000 ALTER TABLE `users` DISABLE KEYS */;
INSERT INTO `users` VALUES (2,NULL,'mapatel90@gmail.com','$2a$08$K.iBuOOC9/TMGGSjNuMJB.NAQ/c1Qlw.uO.9RbA0feKY/TcqGgIVa','Tahera Firdose','8145544521','test','palladium','382418','logo.png','8145544521','simei street',NULL,'Bengaluru',NULL,'palladium',1,NULL,'2021-03-04 05:56:36','2021-05-15 10:46:40'),(3,NULL,'admin@gmail.com','$2a$08$HLOHNekeIQKku7ZfVzi4IOzXG/YikXdktalfMVZJ/hmROVocFwrMe','admin','1234567899','admin','admin','382415',NULL,NULL,'admin 123','2','admin',NULL,'admin',1,NULL,'2021-03-22 10:47:18','2021-05-19 14:51:32'),(5,NULL,'nikultaka@gmail.com','$2a$08$Ag1AQcFsbv8DI32iev1MkuxjOs/8TenyvVf1HuVDkhnPAJlZyJaqK','Tahera Firdose','1234567799','test','sdsd','1233','test','112211111111111111111111111','111111111xxdw sssssa','14','Bengaluru',NULL,'change shop name',1,NULL,'2021-04-13 18:13:46','2021-05-18 10:40:24'),(7,NULL,'yeyococaina@gmail.com','$2a$08$ePrP2.vpmAPqK1lBz.NiGu///IuhjhD7isSr3BV5GEIj9Mm7HB2hu','Snow Whited   ','57666666666','Lord','Big Mountain Snow Slopes','11666',NULL,'1233323','sss',NULL,'ssss',NULL,'ssssdss',1,NULL,'2021-04-19 12:20:53','2021-05-09 16:48:48'),(8,NULL,'yeyococaina666@gmail.com','$2a$08$05VV5PD8AgbMBhClNYQ6RO2DoCJ1lp7GBBJlf2pKfUD7eBIrdOT8S','Snow White','57666666666','Lord','Big Mountain Snow Slopes','11666',NULL,NULL,NULL,NULL,NULL,NULL,NULL,1,NULL,'2021-04-19 12:21:15','2021-04-19 12:21:15'),(10,NULL,'derp@gmail.com','$2a$08$wPnu8wmGnkkbiekpJ.ILpu3MvDNwNwi1O8aXvFC6xqhrg5wdzwsxW','derp','8438848884','kingpin','Derpis Herpis','27821',NULL,NULL,NULL,NULL,NULL,NULL,NULL,1,NULL,'2021-04-21 12:49:58','2021-05-09 14:28:55'),(11,NULL,'derp123@gmail.com','$2a$08$DusxEPlG5hxtrufg6.iFy.1.uEuO1KwTUQNl8h72X5UJpGRHV4Kzq','derp','8438848884','kingpin','Derpis Herpis','27821','info.txt',NULL,NULL,NULL,NULL,NULL,NULL,0,NULL,'2021-04-21 12:51:25','2021-05-17 17:22:06'),(12,NULL,'yvet.catoy@gmail.com','$2a$08$JHyVJxoIh3klNdlWE4vf5uaAZZxAfDMSlAtYWRsBEXjjUl5GP/5qG','test changing of name','99999','test job title','test company','aaaaa','s329249090225435585_p17_i1_w1280.jpeg','99999','100 east side ',NULL,NULL,NULL,'Shibaba Shop',1,NULL,'2021-04-23 05:22:51','2021-05-10 16:43:00'),(15,NULL,'pipelayer69@gmail.com','$2a$08$lsA66CMXGbKyCOtLmxrDoePi/XjIA5/x/6l2DgsB./Relk4.ViBJ2','pipe layer','8881112222','Bull','Cuckold Pipe Layers','45338','info.txt',NULL,NULL,NULL,NULL,NULL,NULL,1,NULL,'2021-04-23 14:04:37','2021-04-23 14:04:37'),(16,NULL,'vy@mail.com','$2a$08$wZ0996fArq0dFFygyc.TJuinw2033u6YGBk0jYfmxof0dKMdJUgpa','VY Account Test','123456','VY Job Title','VY Test Comp','1234567','s329249090225435585_p17_i1_w1280.jpeg',NULL,NULL,NULL,NULL,NULL,NULL,1,NULL,'2021-04-23 14:29:58','2021-04-23 14:30:00'),(17,NULL,'test@test.com','$2a$08$eXw5P2F.qOw7OWaSRAowne4TSllCrsPZP9K3J8BG3wCgq86Kk40dm','testonly','111111','testest','testets','41111','input.png',NULL,NULL,NULL,NULL,NULL,NULL,1,NULL,'2021-04-25 11:34:17','2021-04-25 11:34:19'),(18,NULL,'new@mail.com','$2a$08$b8RaVY.NZ4LFF5ErGipOnekXUyAoZOdgMaBJdCi69clVL0TFoh6A.','new','97879','aa','ss','11111',NULL,NULL,NULL,NULL,NULL,NULL,NULL,1,NULL,'2021-04-26 11:14:58','2021-04-26 11:14:58'),(19,NULL,'vynew@mail.com','$2a$08$BltFPf821ie7TBSYo6c3wu4Jj6wib07CmUkILSA0.ntzNDDoVv2DO','new','97879','aa','ss','11111','Minimalist_Organic_Pink_Salad_Food_Promo_Sale_Instagram_Post.png',NULL,NULL,NULL,NULL,NULL,NULL,1,NULL,'2021-04-26 11:15:15','2021-04-26 11:16:24'),(20,NULL,'uniquevynew@mail.com','$2a$08$8gLqxT.roOCBQCmalAdw0.CbcAKHlZGGEBAutqlylIjAJUBOZhaKi','new','97879','aa','ss','11111',NULL,NULL,NULL,NULL,NULL,NULL,NULL,1,NULL,'2021-04-26 11:16:22','2021-04-26 11:16:22'),(21,NULL,'wwwwwwwwww@mail.com','$2a$08$bqoSYQmXT.T2MCj5kjYR7eDNmfyBTp3LjT3..DmTBiwSbmccAKNo.','test','9898899','test ok','oktest','67676','4C0E711B-C2E4-47FF-8589-22FB465FA1FF.jpeg',NULL,NULL,NULL,NULL,NULL,NULL,1,NULL,'2021-04-26 11:17:12','2021-04-26 11:21:32'),(22,NULL,'ok@mail.com','$2a$08$MTedrpgnGjd2Zb7Yl4g4p..rkZJI5YqX4b6jmCf8aL8IeUqGQPdEm','test','9898899','test ok','oktest','67676',NULL,NULL,NULL,NULL,NULL,NULL,NULL,1,NULL,'2021-04-26 11:21:29','2021-04-26 11:21:29'),(23,NULL,'deneme12@gmail.com','$2a$08$8jzW6hdP7ZVxxYB4yihrXuLZDc4eh4WKCJzM.mzvIiyEx3vXG9uou','deneme12','123','deneme12','deneme12','12356',NULL,'456453','453543456',NULL,NULL,NULL,'SHOPDENEME',1,NULL,'2021-04-26 11:46:46','2021-05-03 08:50:52'),(24,NULL,'clientgovernly@gmail.com','$2a$08$STuPKJUGOgzyL9mUkKkdVOuvdhEvtNRp7dljWr0gNs7ivRlVSkHWO','client','761590222','tester','test','38992',NULL,NULL,'Simei road, india',NULL,'Bangalore',NULL,'Clientnew',1,NULL,'2021-04-29 12:57:37','2021-05-01 07:12:51'),(25,NULL,'vytest@mail.com','$2a$08$c2RnRXWuL4v2gqDhymA1Uez35uwNZNsIlMLiHtHj2baOs/CkkYkim','Vytest1','12345678911122','test only job','vy test comp','1111111111','Recording_#7.mp4','13','New Jersey3',NULL,'test City',NULL,'Vy shop test',1,'9b878e50-b59c-11eb-be37-d5d0e5eb7b28.jpg','2021-04-29 14:26:54','2021-05-17 17:18:32'),(26,NULL,'xyzwq@mail.com','$2a$08$k31vvwGOVqi7S.6U1ZgwOuHcIhoMTL84IdWQ47sRIJJVd27ks4wMq','xyww','111111111111','aaa','aa','2222222',NULL,NULL,NULL,NULL,NULL,NULL,NULL,1,NULL,'2021-04-29 15:23:46','2021-04-29 15:23:46'),(27,NULL,'xyzwq@mail.com','$2a$08$E0QG6KBxSI5uSYW9MnZZwup822wWxIz3vcBY2bbk8AvE/7BgcMLw2','xyww','111111111111','aaa','aa','2222222',NULL,NULL,NULL,NULL,NULL,NULL,NULL,1,NULL,'2021-04-29 15:23:46','2021-04-29 15:23:46'),(28,NULL,'vysp555111@mail.com','$2a$08$D5516bT6Qfjpt0iOKLw4ZOfwzm3XW0skf2quTUeM4ulzzXrmCXVri','test','111100022','ok','ok','2222222','DN_sticker_front.PNG',NULL,NULL,NULL,NULL,NULL,NULL,1,NULL,'2021-04-29 15:30:32','2021-04-29 15:30:34'),(29,NULL,'test@456.com','$2a$08$lqxmDIlrKk80fT2XwaFg1e9pguP9LX7jgG2H3i.xa1XuqP39j3g4O','test','8876876990','test','test','877878',NULL,NULL,NULL,NULL,NULL,NULL,NULL,1,NULL,'2021-04-29 19:15:15','2021-04-29 19:15:15'),(30,NULL,'satvik@gmail.com','$2a$08$Q9qsatrjvzdfuOqUzG4jc.X1FfhcJLa8b/1TYYGzjo2CBy0cmh.c2','satvik patel','8778787878','test','test company','898989',NULL,NULL,NULL,NULL,NULL,NULL,NULL,1,NULL,'2021-05-01 09:47:34','2021-05-01 09:47:34'),(31,NULL,'test@testtest.com','$2a$08$6ZD3C8cJjvOxM5bsCUKnuOznqHCQgncRzdY616yCSHyAmCy7R2Ibu','test','87877878787','jhgjhg','jhgjhg','787787',NULL,'12345678','okok',NULL,'ok',NULL,'Shopee',1,NULL,'2021-05-01 09:51:14','2021-05-03 15:37:54'),(32,NULL,'test@45678.com','$2a$08$mzsbHyDVA6jlQ4JyONhO1u8vHJMPiz/PTpEnmtsSiocWf52yMYM22','test','8979878977','test','test','988989',NULL,NULL,NULL,NULL,NULL,NULL,NULL,1,NULL,'2021-05-01 10:52:53','2021-05-01 10:52:53'),(33,NULL,'signupdeneme@gmail.com','$2a$08$fC863X/mWYk4oXxiLbyIyuXo9WugrOxzNCTRrEWa.ynyBEH5f24Ju','signupdeneme','111111111111','product','signupdenemeshop','12345',NULL,NULL,NULL,NULL,NULL,NULL,NULL,1,NULL,'2021-05-03 08:52:20','2021-05-03 08:52:20'),(34,NULL,'dickwizard@gmail.com','$2a$08$/blrM5VbwB56c5aA5CAn.OxekC6NNI7WW9dHbYOw2fufI4MzXBeQS','Dick Wizard','8589966969','Master Baiter','Dick Wizards Inc','00949',NULL,NULL,NULL,NULL,NULL,NULL,NULL,1,NULL,'2021-05-07 16:45:00','2021-05-07 16:45:00'),(35,NULL,'kok@mail.com','$2a$08$py4YhKdfIwlcc/So575kdOSgkS8j/FFoeCZCDXC0kE36EKGafO6vu','ok','1111111111','1111','1111','11111',NULL,NULL,NULL,NULL,NULL,NULL,NULL,1,NULL,'2021-05-09 17:03:52','2021-05-09 17:03:52'),(36,NULL,'879879798!!!!!@gmail.com','$2a$08$6RYXvbHKbW4k7OFIYqIzdOP2kRLNTJIDm0Fr.i.mN5m.ZCSdzzKNq','098098098090898!!!!!!!','5765765765','!!!!!!!!!','97989878!!!!!!!!!','44444!!!',NULL,NULL,NULL,NULL,NULL,NULL,NULL,1,NULL,'2021-05-10 07:40:11','2021-05-10 07:40:11'),(37,NULL,'upworktester@gmail.com','$2a$08$/kUKM4SAT5SCmDzSc/lbNeV5OTzWFi.EsvFSh.XtKe9GGlYdcv5YK','New','9211778896','Manager','Toy store','462578','image1.png',NULL,NULL,NULL,NULL,NULL,NULL,1,'804458c0-b3fe-11eb-b20e-71e732bb0ef8.jpg','2021-05-13 14:20:04','2021-05-13 15:18:42'),(38,NULL,'okqqqqq@mail.com','$2a$08$rUuEmZ0.XUsEEcUsAWI6Hu3aNUmgLd9r2Ue5eiqZRGDO2sAS/jncW','okok','1111111111','ok','ok','11111',NULL,NULL,NULL,NULL,NULL,NULL,NULL,1,NULL,'2021-05-14 01:45:10','2021-05-14 01:45:10'),(39,NULL,'testerupwork13@gmail.com','$2a$08$0x.eutE68AAhXS1/vlXUgu02zIToB/xI6NA7nL27OO9mde5a4h3yq','new tester','8357373726','Manager','Toys','560873',NULL,NULL,NULL,NULL,NULL,NULL,NULL,1,NULL,'2021-05-15 12:38:26','2021-05-15 12:38:26'),(40,NULL,'prodadamin@mail.com','$2a$08$NIgQR2F7bWJqOf6w1FVjxuYIa7h7IRlrDQerLugmZCcyE6KO9U.YC','Testets','1111111111','ok','ok','11111',NULL,NULL,NULL,NULL,NULL,NULL,NULL,1,NULL,'2021-05-15 16:45:41','2021-05-15 16:45:41'),(41,NULL,'buttsex@gmail.com','$2a$08$Mcy72j3AA.Y8s5FFUN9l4uo2.PsUwwrte.6iEPXp08H7A.wOILCHK','Beef Supreme','8884939993','ass pounder','Whores Dvores ','00949',NULL,NULL,NULL,NULL,NULL,NULL,NULL,1,NULL,'2021-05-16 13:33:03','2021-05-16 13:33:03'),(42,NULL,'testi@mail.com','$2a$08$q29E1FtSvu0Cd/xzQJyK.uZr9Ph3Bri0ukZ90hJAhg2GmYnMrh2fS','test','123456789','ok','ok','11238','13.png',NULL,NULL,NULL,NULL,NULL,NULL,1,'c1ca1c50-b735-11eb-be37-d5d0e5eb7b28.jpg','2021-05-17 17:26:43','2021-05-17 17:31:48'),(43,NULL,'testststst@mail.com','$2a$08$FfUVe4NdSSkCYTi38Ftm2OC6Q1xf663h4ak3MerksgHwAvjlFqRfa','test','1546464654','111','1111','11111',NULL,NULL,NULL,NULL,NULL,NULL,NULL,1,NULL,'2021-05-19 14:55:29','2021-05-19 14:55:29');
/*!40000 ALTER TABLE `users` ENABLE KEYS */;
UNLOCK TABLES;
/*!40103 SET TIME_ZONE=@OLD_TIME_ZONE */;

/*!40101 SET SQL_MODE=@OLD_SQL_MODE */;
/*!40014 SET FOREIGN_KEY_CHECKS=@OLD_FOREIGN_KEY_CHECKS */;
/*!40014 SET UNIQUE_CHECKS=@OLD_UNIQUE_CHECKS */;
/*!40101 SET CHARACTER_SET_CLIENT=@OLD_CHARACTER_SET_CLIENT */;
/*!40101 SET CHARACTER_SET_RESULTS=@OLD_CHARACTER_SET_RESULTS */;
/*!40101 SET COLLATION_CONNECTION=@OLD_COLLATION_CONNECTION */;
/*!40111 SET SQL_NOTES=@OLD_SQL_NOTES */;

-- Dump completed on 2021-05-20  6:02:34
